ecoli_position	species_position	species_base	ecoli_base
1	1	G	G
2	2	A	G
3	3	T	T
4	4	T	T
5	5	A	A
6	6	A	A
7	7	G	G
8	8	T	C
9	9	T	G
10	10	A	A
11	11	T	C
12	12	T	T
13	13	A	A
14	14	A	A
15	15	G	G
16	16	G	C
17	17	G	G
18	18	C	T
19	19	G	A
20	20	C	C
21	21	A	A
22	22	C	C
23	23	G	G
24	24	G	G
25	25	T	T
26	26	G	G
27	27	G	G
28	28	A	A
29	29	T	T
30	30	G	G
31	31	C	C
32	32	C	C
33	33	T	C
34	34	T	T
35	35	G	G
36	36	G	G
37	37	C	C
38	38	A	A
39	39	C	G
40	40	T	T
41	41	A	C
42	42	G	A
43	43	A	G
44	44	A	A
45	45	G	G
46	46	C	G
47	47	C	C
48	48	A	G
49	49	A	A
50	50	T	T
51	51	G	G
52	52	A	A
53	53	A	A
54	54	G	G
55	55	G	G
56	56	A	A
57	57	C	C
58	58	G	G
59	59	T	T
60	60	T	G
61	61	A	C
62	62	C	T
63	63	T	A
64	64	A	A
65	65	A	T
66	66	C	C
67	67	G	T
68	68	A	G
69	69	C	C
70	70	G	G
71	71	A	A
72	72	T	T
73	73	A	A
74	74	T	A
75	75	G	G
76	76	C	C
77	77	T	G
78	78	T	T
79	79	T	C
80	80	G	G
81	81	G	G
82	82	G	T
83	83	G	A
84	84	A	A
85	85	G	G
86	86	C	G
87	87	T	T
88	88	G	G
89	.	-	A
90	89	T	T
91	90	A	A
92	91	A	T
93	92	G	G
94	93	T	A
95	94	A	A
96	95	A	C
97	96	G	C
98	97	C	G
99	98	T	T
100	99	T	T
101	100	T	A
102	101	G	T
103	102	A	A
104	103	T	A
105	104	C	C
106	105	C	C
107	106	A	G
108	107	G	G
109	108	A	C
110	109	G	G
111	110	A	A
112	111	T	T
113	112	T	T
114	113	T	T
115	114	C	C
116	115	C	C
117	116	G	G
118	117	A	A
119	118	A	A
120	119	T	T
121	120	G	G
122	121	G	G
123	122	G	G
124	123	G	G
125	124	A	A
126	125	A	A
127	126	A	A
128	127	C	C
129	128	C	C
130	129	C	C
131	130	A	A
132	131	G	G
133	134	T	T
134	135	G	G
135	136	A	T
136	137	G	G
137	138	T	T
138	139	T	T
139	140	A	T
140	141	T	C
141	142	G	G
142	143	T	A
143	144	C	C
144	145	A	A
145	146	T	C
146	147	G	A
147	148	T	C
148	149	T	T
149	150	A	A
150	151	T	T
151	152	C	C
152	153	G	A
153	154	A	T
154	155	T	T
155	156	A	A
156	157	T	A
157	158	G	C
158	159	T	T
159	160	G	G
160	161	A	A
161	162	A	A
162	163	T	T
163	164	A	C
164	165	C	C
165	166	A	A
166	167	T	T
167	168	A	A
168	169	G	G
169	170	C	G
170	171	A	T
171	172	T	T
172	173	A	A
173	176	A	A
174	177	G	T
175	178	A	G
176	179	A	A
177	180	G	G
178	181	G	G
179	182	C	C
180	183	A	G
181	184	C	A
182	185	A	A
183	186	C	C
184	187	C	C
185	188	C	G
186	189	G	G
187	190	G	G
188	191	A	G
189	192	G	G
190	193	A	A
191	194	A	A
192	195	C	C
193	196	T	T
194	197	G	G
195	198	A	A
196	199	A	A
197	200	A	A
198	201	C	C
199	202	A	A
200	203	T	T
201	204	C	C
202	205	T	T
203	206	T	A
204	207	A	A
205	208	G	G
206	209	T	T
207	210	A	A
208	211	C	C
209	212	C	C
210	213	C	C
211	214	G	C
212	215	G	G
213	216	A	A
214	217	G	G
215	218	G	G
216	219	A	A
217	220	A	A
218	221	G	A
219	222	A	A
220	223	G	G
221	224	A	A
222	225	A	A
223	226	A	A
224	227	G	T
225	228	A	C
226	229	A	A
227	230	A	A
228	231	A	C
229	232	T	C
230	233	T	G
231	234	C	A
232	235	G	G
233	236	A	A
234	237	T	T
235	238	T	T
236	239	C	C
237	240	C	C
238	241	C	C
239	242	T	C
240	243	T	C
241	244	A	A
242	245	G	G
243	246	T	T
244	247	A	A
245	248	G	G
246	249	C	C
247	250	G	G
248	251	G	G
249	252	C	C
250	253	G	G
251	254	A	A
252	255	G	G
253	256	C	C
254	257	G	G
255	258	A	A
256	259	A	A
257	260	A	C
258	261	C	G
259	262	G	G
260	263	G	G
261	264	G	G
262	265	A	A
263	266	A	G
264	267	G	C
265	268	A	A
266	269	G	G
267	270	C	C
268	271	C	C
269	272	C	C
270	273	A	A
271	274	A	G
272	275	A	A
273	276	C	G
274	277	C	C
275	278	A	C
276	279	A	T
277	280	C	G
278	281	A	A
279	282	A	A
280	283	G	T
281	284	C	C
282	285	T	A
283	286	T	G
284	287	G	T
285	288	C	G
286	289	T	T
287	290	T	G
288	291	G	T
289	292	T	G
290	293	T	T
291	294	G	G
292	335	T	T
293	336	T	T
294	337	A	A
295	338	G	G
296	339	A	T
297	340	C	G
298	341	G	G
299	342	A	A
300	343	A	A
301	344	T	G
302	345	C	C
303	346	A	G
304	347	T	T
305	348	C	C
306	349	T	T
307	350	G	G
308	351	G	G
309	352	A	A
310	353	A	A
311	354	A	A
312	355	G	G
313	356	A	G
314	357	T	C
315	358	G	G
316	359	A	C
317	360	A	G
318	361	T	C
319	362	C	G
320	363	A	A
321	364	A	T
322	365	A	A
323	366	G	C
324	367	A	A
325	368	A	G
326	369	G	G
327	370	G	G
328	371	T	T
329	372	A	G
330	373	A	A
331	374	T	C
332	375	A	A
333	376	A	G
334	377	T	C
335	378	C	C
336	379	C	C
337	380	T	C
338	381	G	G
339	382	T	T
340	383	A	A
341	384	G	C
342	385	T	A
343	386	C	C
344	387	G	A
345	388	A	A
346	389	A	A
347	390	A	A
348	391	A	A
349	392	T	T
350	393	G	G
351	394	T	C
352	395	T	A
353	396	G	C
354	397	T	A
355	398	C	T
356	399	T	G
357	400	C	C
358	401	T	T
359	402	C	G
360	403	T	T
361	404	T	G
362	405	G	A
363	406	A	G
364	407	G	C
365	408	T	T
366	409	G	C
367	410	G	G
368	411	A	A
369	415	T	T
370	416	G	G
371	417	A	A
372	418	G	G
373	419	T	T
374	420	A	A
375	421	C	G
376	422	G	G
377	423	A	G
378	424	C	C
379	425	G	G
380	426	G	G
381	427	A	G
382	428	G	A
383	429	C	C
384	430	A	A
385	431	C	C
386	432	G	G
387	433	T	T
388	434	G	G
389	435	A	G
390	436	A	T
391	437	A	A
392	438	T	T
393	439	T	C
394	440	C	C
395	441	C	T
396	442	G	G
397	443	T	T
398	444	C	C
399	445	G	T
400	446	G	G
401	447	A	A
402	448	A	A
403	449	T	T
404	450	C	A
405	451	T	T
406	452	G	G
407	453	G	G
408	454	G	G
409	455	A	G
410	456	G	G
411	457	G	G
412	458	A	A
413	459	C	C
414	460	C	C
415	461	A	A
416	462	T	T
417	463	C	C
418	464	T	C
419	465	C	T
420	466	C	C
421	467	T	C
422	468	A	A
423	469	A	A
424	470	G	G
425	471	G	G
426	472	C	C
427	473	T	T
428	474	A	A
429	475	A	A
430	476	A	A
431	477	T	T
432	478	A	A
433	479	C	C
434	480	T	T
435	481	C	C
436	482	T	C
437	483	C	T
438	484	T	G
439	485	A	A
440	486	G	C
441	487	T	T
442	488	G	G
443	489	A	A
444	490	C	C
445	491	C	C
446	492	G	G
447	493	A	A
448	494	T	T
449	495	A	A
450	496	G	G
451	497	T	T
452	498	G	G
453	499	A	A
454	500	A	A
455	501	C	C
456	502	C	C
457	503	A	A
458	504	G	G
459	505	T	T
460	506	A	A
461	507	C	C
462	508	C	C
463	509	G	G
464	510	T	T
465	511	G	G
466	512	A	A
467	513	G	G
468	514	G	G
469	515	G	G
470	516	A	A
471	517	A	A
472	518	A	A
473	519	G	G
474	520	G	G
475	521	T	C
476	522	G	G
477	523	A	A
478	524	A	A
479	525	A	A
480	526	A	A
481	527	G	G
482	528	C	A
483	529	A	A
484	530	C	C
485	531	C	C
486	532	C	C
487	533	C	C
488	534	G	G
489	535	G	G
490	.	-	C
491	536	A	G
492	537	A	A
493	538	G	G
494	539	G	G
495	540	G	G
496	541	G	G
497	542	A	A
498	543	G	G
499	544	T	T
500	545	G	G
501	546	A	A
502	547	A	A
503	548	A	A
504	549	T	A
505	550	A	A
506	551	G	G
507	552	A	A
508	553	A	A
509	554	C	C
510	555	C	C
511	556	T	T
512	557	G	G
513	558	A	A
514	559	A	A
515	560	A	A
516	561	C	C
517	562	C	C
518	563	G	G
519	564	T	T
520	565	G	G
521	566	T	T
522	567	G	A
523	568	C	C
524	569	T	G
525	570	T	T
526	571	A	A
527	572	C	C
528	573	A	A
529	574	A	A
530	575	G	G
531	576	T	C
532	577	A	A
533	578	G	G
534	579	T	T
535	580	C	G
536	581	A	G
537	582	G	G
538	583	A	A
539	584	G	G
540	585	C	C
541	586	C	A
542	587	C	C
543	588	G	G
544	589	T	C
545	590	T	T
546	591	A	T
547	592	A	A
548	.	-	G
549	.	-	G
550	593	T	C
551	594	G	G
552	595	G	T
553	596	G	G
554	597	T	T
555	598	G	G
556	599	A	A
557	600	T	C
558	601	G	T
559	602	G	G
560	603	C	C
561	604	G	G
562	605	T	T
563	606	G	A
564	607	C	C
565	608	C	C
566	609	T	T
567	610	T	T
568	611	T	T
569	612	T	T
570	613	G	G
571	614	T	T
572	615	A	A
573	616	G	T
574	617	A	A
575	618	A	A
576	619	T	T
577	620	G	G
578	621	A	G
579	622	A	G
580	623	C	T
581	624	C	C
582	625	G	A
583	626	G	G
584	627	C	C
585	628	G	G
586	629	A	A
587	630	G	C
588	631	T	T
589	632	T	T
590	633	A	A
591	634	C	T
592	635	G	A
593	636	A	T
594	637	T	T
595	638	T	C
596	639	T	T
597	640	G	G
598	641	A	T
599	642	T	A
600	643	G	G
601	644	C	C
602	645	A	A
603	646	A	A
604	647	G	G
605	648	G	G
606	649	T	T
607	650	T	T
608	651	A	A
609	652	A	A
610	653	G	C
611	654	C	C
612	657	T	G
613	658	A	A
614	659	A	A
615	660	A	T
616	661	T	A
617	662	G	G
618	663	T	G
619	664	G	G
620	665	G	G
621	666	A	A
622	667	G	G
623	668	C	C
624	669	C	C
625	670	G	G
626	671	T	A
627	672	A	A
628	673	G	G
629	674	C	G
630	675	G	G
631	676	A	A
632	677	A	A
633	678	A	A
634	679	G	C
635	680	C	C
636	681	G	G
637	682	A	A
638	683	G	G
639	684	T	T
640	685	C	C
641	686	T	T
642	687	G	T
643	688	A	A
644	689	A	A
645	690	T	C
646	691	A	T
647	692	G	G
648	693	G	G
649	694	G	G
650	695	C	C
651	696	G	G
652	697	T	T
653	698	T	T
654	699	T	A
655	700	A	A
656	701	G	G
657	702	T	T
658	703	A	T
659	704	T	G
660	705	T	C
661	706	T	A
662	707	G	G
663	708	G	G
664	709	T	G
665	710	C	T
666	711	G	A
667	712	T	T
668	713	A	A
669	714	G	G
670	715	A	A
671	716	C	C
672	717	C	C
673	718	C	C
674	719	G	G
675	720	A	A
676	721	A	A
677	722	A	A
678	723	C	C
679	724	C	C
680	725	A	C
681	726	G	G
682	727	G	G
683	728	T	T
684	729	G	G
685	730	A	A
686	731	T	T
687	732	C	C
688	733	T	T
689	734	A	A
690	735	C	G
691	736	C	C
692	737	C	C
693	738	T	A
694	739	T	T
695	740	G	G
696	741	G	G
697	742	T	G
698	743	C	C
699	744	A	A
700	745	G	G
701	746	G	G
702	747	T	T
703	748	T	T
704	749	G	G
705	750	A	A
706	751	A	A
707	752	G	G
708	753	T	G
709	754	T	T
710	755	C	T
711	756	A	G
712	757	G	G
713	758	G	G
714	759	T	T
715	760	A	A
716	761	A	A
717	762	C	C
718	763	A	A
719	764	C	C
720	765	T	T
721	766	G	A
722	767	A	A
723	768	A	C
724	769	T	T
725	770	G	G
726	771	G	G
727	772	A	A
728	773	G	G
729	774	G	G
730	775	A	A
731	776	C	C
732	777	C	C
733	778	G	G
734	779	A	A
735	780	A	A
736	781	C	C
737	782	C	C
738	783	G	G
739	784	A	A
740	785	C	C
741	786	T	T
742	787	T	A
743	788	A	A
744	789	C	T
745	790	G	G
746	791	T	T
747	792	T	T
748	793	G	G
749	794	A	A
750	795	A	A
751	796	A	A
752	797	A	A
753	798	G	A
754	799	T	T
755	800	G	T
756	801	A	A
757	802	G	G
758	803	C	C
759	804	G	G
760	805	G	G
761	806	A	A
762	807	T	T
763	808	G	G
764	809	A	A
765	810	A	C
766	811	C	T
767	812	T	T
768	813	G	G
769	814	A	T
770	815	G	G
771	816	G	G
772	817	G	C
773	818	T	T
774	819	A	G
775	820	G	G
776	821	C	G
777	822	G	G
778	823	G	G
779	824	A	T
780	825	G	G
781	826	A	A
782	827	A	A
783	828	A	A
784	829	T	G
785	830	T	G
786	831	C	C
787	832	C	C
788	833	A	A
789	834	A	A
790	835	T	T
791	836	C	C
792	837	G	A
793	838	A	A
794	839	A	A
795	840	C	C
796	841	C	C
797	842	T	G
798	843	G	G
799	844	G	G
800	845	A	A
801	846	G	G
802	847	A	A
803	848	T	T
804	849	A	A
805	850	G	G
806	851	C	C
807	852	T	T
808	853	G	G
809	854	G	G
810	855	T	T
811	856	T	T
812	857	C	C
813	858	T	T
814	859	C	C
815	860	T	C
816	861	C	C
817	862	C	C
818	863	G	G
819	864	A	A
820	865	A	A
821	866	A	A
822	867	T	G
823	868	A	C
824	869	G	T
825	870	C	A
826	871	T	T
827	872	T	T
828	873	T	T
829	874	A	A
830	875	G	G
831	876	G	G
832	877	G	T
833	878	C	A
834	879	T	G
835	880	A	C
836	881	G	G
837	882	C	C
838	883	C	C
839	884	T	T
840	885	C	C
841	886	A	G
842	887	A	T
843	888	G	G
844	889	T	A
845	890	G	A
846	891	A	T
847	892	T	T
848	893	G	C
849	894	A	A
850	895	T	T
851	896	T	C
852	897	A	T
853	898	T	C
854	899	T	C
855	900	G	G
856	901	G	G
857	902	A	G
858	903	G	G
859	904	G	G
860	905	T	T
861	906	A	A
862	907	G	G
863	908	A	A
864	909	G	G
865	910	C	C
866	911	A	A
867	912	C	C
868	913	T	T
869	914	G	G
870	915	T	T
871	916	T	T
872	917	T	T
873	918	G	C
874	919	G	G
875	920	A	G
876	921	C	C
877	922	G	A
878	923	A	A
879	924	G	G
880	925	G	G
881	926	G	G
882	927	G	G
883	928	C	G
884	929	C	T
885	930	C	C
886	931	C	A
887	932	T	T
888	933	C	C
889	934	T	C
890	935	C	C
891	936	G	G
892	937	G	A
893	938	G	C
894	939	T	T
895	940	T	T
896	941	A	A
897	942	C	C
898	943	C	C
899	944	G	A
900	945	A	A
901	946	A	C
902	947	T	C
903	948	T	C
904	949	C	G
905	950	A	A
906	951	G	T
907	952	A	G
908	953	C	C
909	954	A	A
910	955	A	A
911	956	A	A
912	957	C	C
913	958	T	T
914	959	C	G
915	960	C	C
916	961	G	G
917	962	A	A
918	963	A	A
919	964	T	T
920	965	G	A
921	966	C	C
922	967	C	C
923	968	A	G
924	969	A	G
925	970	T	A
926	971	T	G
927	972	A	A
928	973	A	A
929	974	T	T
930	.	-	G
931	975	T	T
932	976	T	T
933	977	A	A
934	978	A	T
935	979	C	C
936	980	T	A
937	981	T	C
938	982	G	G
939	983	G	G
940	984	G	G
941	985	A	A
942	986	G	G
943	987	T	A
944	988	C	C
945	989	A	A
946	990	G	C
947	991	A	A
948	992	A	C
949	993	C	G
950	994	A	G
951	995	T	C
952	996	G	G
953	997	G	G
954	998	G	G
955	999	T	T
956	1000	G	G
957	1001	A	C
958	1002	T	T
959	1003	A	A
960	1004	A	A
961	1005	G	C
962	1006	G	G
963	1007	T	T
964	1008	C	C
965	1009	C	C
966	1010	G	G
967	1011	T	T
968	1012	G	C
969	1013	T	G
970	1014	T	T
971	1015	C	G
972	1016	G	A
973	1017	A	A
974	1018	A	G
975	1019	A	A
976	1020	G	G
977	1021	G	G
978	1022	G	G
979	1023	A	A
980	1024	A	A
981	1025	A	A
982	1026	C	C
983	1027	A	A
984	1028	G	A
985	1029	C	C
986	1030	C	C
987	1031	C	C
988	1032	A	A
989	1033	G	G
990	1034	A	A
991	1035	C	C
992	1036	C	C
993	1037	A	G
994	1038	C	C
995	1039	C	C
996	1040	A	A
997	1041	G	G
998	1042	C	C
999	1043	T	T
1000	1044	A	A
1001	1045	A	A
1002	1046	G	G
1003	1047	G	G
1004	1048	T	T
1005	1049	C	C
1006	1050	C	C
1007	1051	C	C
1008	1052	A	A
1009	1053	A	A
1010	1054	A	A
1011	1055	A	G
1012	1056	T	T
1013	1057	A	C
1014	1058	T	A
1015	1059	A	T
1016	1060	T	G
1017	1061	G	G
1018	1062	T	T
1019	1063	T	T
1020	1064	A	A
1021	1065	A	A
1022	1066	G	G
1023	1067	T	T
1024	1068	G	G
1025	1069	G	G
1026	1070	A	G
1027	1071	A	A
1028	1072	A	A
1029	1073	A	A
1030	1074	G	C
1031	1075	G	G
1032	1076	A	A
1033	1077	T	T
1034	1078	G	G
1035	1079	T	T
1036	1080	G	G
1037	1081	G	G
1038	1082	C	G
1039	1083	G	A
1040	1084	T	A
1041	1085	T	G
1042	1086	G	G
1043	1087	C	C
1044	1088	C	C
1045	1089	C	C
1046	1090	A	A
1047	1091	G	G
1048	1092	A	A
1049	1093	C	C
1050	1094	A	A
1051	1095	A	G
1052	1096	C	C
1053	1097	T	C
1054	1098	A	A
1055	1099	G	G
1056	1100	G	G
1057	1101	A	A
1058	1102	T	T
1059	1103	G	G
1060	1104	T	T
1061	1105	T	T
1062	1106	G	G
1063	1107	G	G
1064	1108	C	C
1065	1109	T	T
1066	1110	T	T
1067	1111	A	A
1068	1112	G	G
1069	1113	A	A
1070	1114	A	A
1071	1115	G	G
1072	1116	C	C
1073	1117	A	A
1074	1118	G	G
1075	1119	C	C
1076	1120	C	C
1077	1121	A	A
1078	1122	T	T
1079	1123	C	C
1080	1124	A	A
1081	1125	T	T
1082	1126	T	T
1083	1127	T	T
1084	1128	A	A
1085	1129	A	A
1086	1130	A	A
1087	1131	G	G
1088	1132	A	A
1089	1133	G	A
1090	1134	T	A
1091	1135	G	G
1092	1136	C	C
1093	1137	G	G
1094	1138	T	T
1095	1139	A	A
1096	1140	A	A
1097	1141	T	T
1098	1142	A	A
1099	1143	G	G
1100	1144	C	C
1101	1145	T	T
1102	1146	C	C
1103	1147	A	A
1104	1148	C	C
1105	1149	T	T
1106	1150	A	G
1107	1151	G	G
1108	1152	T	T
1109	1153	C	C
1110	1154	G	G
1111	1155	A	A
1112	1156	G	G
1113	1157	T	T
1114	1158	G	C
1115	1159	A	G
1116	1160	C	G
1117	1161	A	C
1118	1162	C	C
1119	1163	T	T
1120	1164	G	G
1121	1165	C	C
1122	1166	G	G
1123	1167	C	C
1124	1168	C	G
1125	1169	G	G
1126	1170	A	A
1127	1171	A	A
1128	1172	A	G
1129	1173	A	A
1130	1174	T	T
1131	1175	G	G
1132	1176	T	T
1133	1177	A	A
1134	1178	C	A
1135	1179	C	C
1136	1180	G	G
1137	1181	G	G
1138	1182	G	G
1139	1183	G	G
1140	1184	C	C
1141	1185	T	T
1142	1186	A	A
1143	1187	A	A
1144	1188	A	A
1145	1189	C	C
1146	1190	A	C
1147	1191	T	A
1148	1192	A	T
1149	1193	T	G
1150	1194	T	C
1151	1195	A	A
1152	1196	C	C
1153	1197	C	C
1154	1198	G	G
1155	1199	A	A
1156	1200	A	A
1157	1201	G	G
1158	1202	C	C
1159	1203	T	T
1160	1204	G	G
1161	1205	T	C
1162	1206	G	G
1163	.	-	G
1164	.	-	C
1165	.	-	A
1166	.	-	G
1167	.	-	C
1168	1207	G	G
1169	1208	A	A
1170	1209	T	C
1171	1210	T	G
1172	1211	G	C
1173	1212	T	T
1174	1213	C	T
1175	1214	C	A
1176	1215	T	T
1177	1216	T	G
1178	1217	T	C
1179	1218	G	G
1180	1219	G	T
1181	1220	A	T
1182	1221	C	G
1183	1222	A	T
1184	1223	A	T
1185	1224	T	G
1186	1225	G	G
1187	1226	G	G
1188	1227	T	T
1189	1228	A	A
1190	1229	G	G
1191	1230	G	G
1192	1231	A	G
1193	1232	G	G
1194	1233	A	A
1195	1234	G	G
1196	1235	C	C
1197	1236	G	G
1198	1237	T	T
1199	1238	T	T
1200	1239	C	C
1201	1240	T	T
1202	.	-	G
1203	1241	A	T
1204	1242	A	A
1205	1243	G	A
1206	1244	G	G
1207	1245	G	C
1208	1246	C	C
1209	1247	G	T
1210	1248	T	G
1211	1249	T	C
1212	1250	G	G
1213	1251	A	A
1214	1252	A	A
1215	1253	G	G
1216	1254	C	G
1217	1255	A	T
1218	1256	T	G
1219	1257	G	T
1220	1258	A	G
1221	1259	T	C
1222	1260	C	T
1223	1261	G	G
1224	1262	T	T
1225	1263	A	G
1226	1264	A	A
1227	1265	G	G
1228	1266	G	G
1229	1267	A	C
1230	1268	C	A
1231	1269	A	T
1232	1270	T	G
1233	1271	G	C
1234	1272	T	T
1235	1273	G	G
1236	1274	G	G
1237	1275	A	A
1238	1276	G	G
1239	1277	C	G
1240	1278	G	T
1241	1279	C	A
1242	1280	T	T
1243	1281	T	C
1244	1282	A	A
1245	1283	G	G
1246	1284	A	A
1247	1285	A	A
1248	1286	G	G
1249	1287	T	T
1250	1288	G	G
1251	1289	A	C
1252	1290	G	G
1253	1291	A	A
1254	1292	A	A
1255	1293	T	T
1256	1294	G	G
1257	1295	C	C
1258	1296	C	T
1259	1297	G	G
1260	1298	G	A
1261	1299	T	C
1262	1300	G	A
1263	1301	T	T
1264	1302	G	A
1265	1303	A	A
1266	1304	G	G
1267	1305	T	T
1268	1306	A	A
1269	1307	G	A
1270	1308	C	C
1271	1309	G	G
1272	1310	A	A
1273	.	-	T
1274	1311	A	A
1275	1312	A	A
1276	1313	G	A
1277	1314	A	G
1278	1315	C	C
1279	1316	G	G
1280	1317	G	G
1281	1318	G	G
1282	1319	T	T
1283	1320	G	G
1284	1321	A	A
1285	1322	G	A
1286	1323	A	A
1287	1324	A	A
1288	1325	T	G
1289	1326	C	C
1290	1327	C	C
1291	1328	C	C
1292	1329	G	G
1293	1330	T	C
1294	1331	C	T
1295	1332	C	C
1296	1333	A	G
1297	1334	C	C
1298	1335	C	C
1299	1336	G	G
1300	1337	A	G
1301	1338	T	A
1302	1339	T	A
1303	1340	G	G
1304	1341	A	A
1305	1342	C	C
1306	1343	T	C
1307	1344	A	A
1308	1345	A	A
1309	1346	G	G
1310	1347	G	G
1311	1348	T	G
1312	1349	T	T
1313	1350	T	T
1314	1351	C	C
1315	1352	C	C
1316	1353	A	T
1317	1354	G	G
1318	1355	A	T
1319	1356	G	C
1320	1357	G	C
1321	1358	A	A
1322	1359	A	A
1323	1360	G	C
1324	1361	G	G
1325	1362	C	T
1326	1363	T	T
1327	1364	C	A
1328	1365	G	A
1329	1366	T	T
1330	1367	C	C
1331	1368	C	G
1332	1369	G	G
1333	1370	C	G
1334	1371	T	G
1335	1372	C	C
1336	1373	T	A
1337	1374	G	G
1338	1375	G	G
1339	1376	G	G
1340	1377	T	T
1341	1378	T	G
1342	1379	A	A
1343	1380	G	G
1344	1381	T	T
1345	1382	C	C
1346	1383	G	G
1347	1384	G	A
1348	1385	G	C
1349	1386	T	C
1350	1387	C	C
1351	1388	C	C
1352	1389	T	T
1353	1390	A	A
1354	1391	A	A
1355	1392	G	G
1356	1393	C	G
1357	1394	T	C
1358	1395	G	G
1359	1396	A	A
1360	1397	G	G
1361	1398	G	G
1362	1399	C	C
1363	1400	C	C
1364	1401	G	G
1365	1402	A	A
1366	1403	C	A
1367	1404	A	A
1368	1405	G	G
1369	1406	G	G
1370	1407	C	C
1371	1408	G	G
1372	1409	T	T
1373	1410	A	A
1374	1411	G	G
1375	1412	G	T
1376	1413	C	C
1377	1414	G	G
1378	1415	A	A
1379	1416	T	T
1380	1417	G	G
1381	1418	G	G
1382	1419	A	G
1383	1420	T	A
1384	1421	A	A
1385	1422	A	A
1386	1423	C	C
1387	1424	A	A
1388	1425	G	G
1389	1426	G	G
1390	1427	T	T
1391	1428	T	T
1392	1429	G	A
1393	1430	A	A
1394	1431	T	T
1395	1432	A	A
1396	1433	T	T
1397	1434	T	T
1398	1435	C	C
1399	1436	C	C
1400	1437	T	T
1401	1438	G	G
1402	1439	T	T
1403	1440	A	A
1404	1441	C	C
1405	1442	C	T
1406	1443	A	T
1407	1444	C	G
1408	1445	C	G
1409	1446	T	T
1410	1447	A	G
1411	1448	T	T
1412	1449	A	T
1413	1450	A	A
1414	1451	T	C
1415	1452	C	T
1416	1453	G	G
1417	1461	C	C
1418	1462	G	G
1419	1463	A	A
1420	1464	T	A
1421	1465	G	G
1422	1466	G	G
1423	1467	G	G
1424	1468	G	G
1425	1469	G	G
1426	1470	G	G
1427	1471	A	A
1428	1472	C	C
1429	1473	G	G
1430	1474	C	G
1431	1475	A	A
1432	1476	G	G
1433	1477	T	A
1434	1478	A	A
1435	1479	G	G
1436	1480	G	G
1437	1481	A	C
1438	1482	T	T
1439	1483	A	A
1440	1484	G	T
1441	1485	G	G
1442	1486	C	T
1443	1487	G	T
1444	1488	A	G
1445	1489	A	G
1446	1490	G	C
1447	1491	C	C
1448	1492	G	G
1449	1493	T	G
1450	1494	G	G
1451	1495	C	C
1452	1496	G	G
1453	1497	A	A
1454	1498	T	C
1455	1499	T	G
1456	1500	G	G
1457	1501	G	T
1458	1502	A	T
1459	1503	T	G
1460	1504	T	T
1461	1505	G	C
1462	1506	C	C
1463	1507	A	C
1464	1508	C	G
1465	1509	G	G
1466	1510	T	T
1467	1511	C	T
1468	1512	T	T
1469	1513	A	A
1470	1514	A	A
1471	1515	G	G
1472	1516	C	C
1473	1517	A	G
1474	1518	G	T
1475	1519	T	G
1476	1520	A	T
1477	1521	A	A
1478	1522	G	G
1479	1523	G	G
1480	1524	C	C
1481	1525	T	T
1482	1526	G	G
1483	1527	A	G
1484	1528	G	T
1485	1529	T	T
1486	1530	A	T
1487	1531	T	T
1488	.	-	C
1489	1532	T	C
1490	1533	A	A
1491	1534	G	G
1492	1535	G	G
1493	1536	C	C
1494	1537	A	A
1495	1538	A	A
1496	1539	A	A
1497	1540	T	T
1498	1541	C	C
1499	1542	C	C
1500	1543	G	G
1501	1544	G	G
1502	1545	T	A
1503	1546	A	A
1504	1549	C	A
1505	1550	G	A
1506	1551	T	T
1507	1552	T	C
1508	1553	A	A
1509	1554	A	A
1510	1555	G	G
1511	1556	G	G
1512	1557	C	C
1513	1558	T	T
1514	1559	G	G
1515	1560	A	A
1516	1561	G	G
1517	1562	C	G
1518	1563	T	C
1519	1564	G	G
1520	1565	T	T
1521	1566	G	G
1522	1567	A	A
1523	1568	T	T
1524	1569	G	G
1525	1570	G	A
1526	1571	G	C
1527	1572	G	G
1528	1573	A	A
1529	1574	G	G
1530	1577	G	G
1531	1578	A	C
1532	1579	C	A
1533	1580	A	C
1534	1581	T	T
1535	1582	T	A
1536	1583	G	C
1537	1584	A	G
1538	1585	G	G
1539	1586	T	T
1540	1587	C	G
1541	1588	T	C
1542	1589	T	T
1543	1590	C	G
1544	1591	G	A
1545	1592	A	A
1546	1593	G	G
1547	1594	T	C
1548	1595	C	A
1549	1596	G	A
1550	1597	T	C
1551	1598	T	A
1552	1599	G	A
1553	1600	A	A
1554	1601	T	T
1555	1602	T	G
1556	1603	T	C
1557	1604	C	C
1558	1605	A	C
1559	1606	C	T
1560	1607	A	G
1561	1608	C	C
1562	1609	T	T
1563	1610	G	T
1564	1611	C	C
1565	1612	C	C
1566	1613	G	A
1567	1614	A	G
1568	1615	G	G
1569	1616	A	A
1570	1617	A	A
1571	1618	A	A
1572	1619	A	A
1573	1620	G	G
1574	1621	C	C
1575	1622	C	C
1576	1623	T	T
1577	1624	C	C
1578	1625	T	T
1579	1626	A	A
1580	.	-	A
1581	.	-	G
1582	.	-	C
1583	1627	G	A
1584	1628	A	T
1585	1629	T	C
1586	1630	A	A
1587	1631	G	G
1588	1632	A	G
1589	1633	A	T
1590	1634	A	A
1591	1635	A	A
1592	1636	T	C
1593	1637	A	A
1594	1638	G	T
1595	1639	G	C
1596	1640	T	A
1597	1641	G	A
1598	1642	C	A
1599	1643	C	T
1600	1644	C	C
1601	1645	G	G
1602	1646	T	T
1603	1647	A	A
1604	1648	C	C
1605	1649	C	C
1606	1650	G	C
1607	1651	C	C
1608	1652	A	A
1609	1653	A	A
1610	1654	A	A
1611	1655	C	C
1612	1656	C	C
1613	1657	G	G
1614	1658	A	A
1615	1659	C	C
1616	1660	A	A
1617	1661	C	C
1618	1662	A	A
1619	1663	G	G
1620	1664	G	G
1621	1665	T	T
1622	1666	A	G
1623	1667	G	G
1624	1668	T	T
1625	1669	C	C
1626	1670	A	A
1627	1671	A	G
1628	1672	G	G
1629	1673	A	T
1630	1674	T	A
1631	1675	G	G
1632	1676	A	A
1633	1677	G	G
1634	1678	A	A
1635	1679	A	A
1636	1680	T	T
1637	1681	T	A
1638	1682	C	C
1639	1683	T	C
1640	1684	A	A
1641	1685	A	A
1642	1686	G	G
1643	1687	G	G
1644	1688	T	C
1645	1689	G	G
1646	1690	A	C
1647	1691	G	T
1648	1692	C	T
1649	1693	G	G
1650	1694	A	A
1651	1695	G	G
1652	1696	C	A
1653	1697	G	G
1654	1698	A	A
1655	1699	A	A
1656	1700	C	C
1657	1701	T	T
1658	1702	C	C
1659	1703	T	G
1660	1704	C	G
1661	1705	G	G
1662	1706	T	T
1663	1707	T	G
1664	1708	A	A
1665	1709	A	A
1666	1710	G	G
1667	1711	G	G
1668	1712	A	A
1669	1713	A	A
1670	1714	C	C
1671	1715	T	T
1672	1716	C	A
1673	1717	G	G
1674	1718	G	G
1675	1719	C	C
1676	1720	A	A
1677	1721	A	A
1678	1722	A	A
1679	1723	A	A
1680	1724	T	T
1681	1725	G	G
1682	1726	A	G
1683	1727	C	T
1684	1728	C	G
1685	1729	C	C
1686	1730	C	C
1687	1731	G	G
1688	1732	T	T
1689	1733	A	A
1690	1734	A	A
1691	1735	C	C
1692	1736	T	T
1693	1737	T	T
1694	1738	C	C
1695	1739	G	G
1696	1740	G	G
1697	1741	G	G
1698	1742	A	A
1699	1743	G	G
1700	1744	A	A
1701	1745	A	A
1702	1746	G	G
1703	1747	G	G
1704	1748	G	C
1705	1749	G	A
1706	1750	T	C
1707	1751	G	G
1708	1752	C	C
1709	1753	T	T
1710	.	-	G
1711	.	-	A
1712	.	-	T
1713	.	-	A
1714	.	-	T
1715	.	-	G
1716	.	-	T
1717	.	-	A
1718	.	-	G
1719	.	-	G
1720	.	-	T
1721	.	-	G
1722	.	-	A
1723	.	-	G
1724	.	-	G
1725	.	-	T
1726	.	-	C
1727	1754	C	C
1728	1755	T	C
1729	1756	T	T
1730	1757	T	C
1731	1758	A	G
1732	1759	G	C
1733	1760	G	G
1734	1761	G	G
1735	1762	T	A
1736	1763	T	T
1737	1764	A	G
1738	1765	A	G
1739	1766	C	A
1740	1767	G	G
1741	1768	C	C
1742	1769	C	T
1743	1770	C	G
1744	1771	A	A
1745	1772	G	A
1746	1773	A	A
1747	1774	A	T
1748	1775	G	C
1749	1776	A	A
1750	1777	G	G
1751	1778	C	T
1752	1779	C	C
1753	1780	G	G
1754	1781	C	A
1755	1782	A	A
1756	1783	G	G
1757	1784	T	A
1758	1785	G	T
1759	1786	A	A
1760	1787	A	C
1761	1788	T	C
1762	1789	A	A
1763	1790	G	G
1764	1791	G	C
1765	1792	C	T
1766	1793	C	G
1767	1794	C	G
1768	1795	A	C
1769	1796	A	T
1770	1797	G	G
1771	1798	C	C
1772	1799	G	A
1773	1800	A	A
1774	1801	C	C
1775	1802	T	T
1776	1803	G	G
1777	1804	T	T
1778	1805	T	T
1779	1806	T	T
1780	1807	A	A
1781	1808	T	T
1782	1809	C	T
1783	1810	A	A
1784	1811	A	A
1785	1812	A	A
1786	1813	A	A
1787	1814	A	A
1788	1815	C	C
1789	1816	A	A
1790	1817	C	C
1791	1818	A	A
1792	1819	G	G
1793	1820	G	C
1794	1821	T	A
1795	1822	C	C
1796	1823	T	T
1797	1824	C	G
1798	1825	T	T
1799	1826	G	G
1800	1827	C	C
1801	1828	T	A
1802	1829	A	A
1803	1830	A	A
1804	1831	A	C
1805	1832	C	A
1806	1833	C	C
1807	1834	G	G
1808	1835	T	A
1809	1836	A	A
1810	1837	A	A
1811	1838	G	G
1812	1839	G	T
1813	1840	T	G
1814	1841	G	G
1815	1842	A	A
1816	1843	T	C
1817	1844	G	G
1818	1845	T	T
1819	1846	A	A
1820	1847	T	T
1821	1848	A	A
1822	1849	G	C
1823	1850	G	G
1824	1851	G	G
1825	1852	G	T
1826	1853	C	G
1827	1854	T	T
1828	1855	G	G
1829	1856	A	A
1830	1857	C	C
1831	1858	G	G
1832	1859	C	C
1833	1860	C	C
1834	1861	T	T
1835	1862	G	G
1836	1863	C	C
1837	1864	C	C
1838	1865	C	C
1839	1866	G	G
1840	1867	G	G
1841	1868	T	T
1842	1869	G	G
1843	1870	C	C
1844	1871	T	C
1845	1872	G	G
1846	1873	G	G
1847	1874	A	A
1848	1875	A	A
1849	1876	G	G
1850	1877	G	G
1851	1878	T	T
1852	1879	T	T
1853	1880	A	A
1854	1881	A	A
1855	1882	G	T
1856	1883	A	T
1857	1884	G	G
1858	1885	G	A
1859	1886	A	T
1860	1887	G	G
1861	1888	T	G
1862	1889	G	G
1863	1890	G	G
1864	1891	T	T
1865	1892	T	T
1866	1893	A	A
1867	1894	G	G
1868	1895	C	C
1869	1896	T	G
1870	1897	T	C
1871	1898	C	A
1872	1899	T	A
1873	1900	G	G
1874	1901	C	C
1875	1902	G	G
1876	1903	A	A
1877	1904	A	A
1878	1905	G	G
1879	1906	C	C
1880	1907	T	T
1881	1908	A	C
1882	1909	C	T
1883	1910	G	T
1884	1911	A	G
1885	1912	A	A
1886	1913	T	T
1887	1914	C	C
1888	1915	G	G
1889	1916	A	A
1890	1917	A	A
1891	1918	G	G
1892	1919	C	C
1893	1920	C	C
1894	1921	C	C
1895	1922	C	C
1896	1923	A	G
1897	1924	G	G
1898	1925	T	T
1899	1926	A	A
1900	1927	A	A
1901	1928	A	A
1902	1929	C	C
1903	1930	G	G
1904	1931	G	G
1905	1932	C	C
1906	1933	G	G
1907	1934	G	G
1908	1935	C	C
1909	1936	C	C
1910	1937	G	G
1911	1938	T	T
1912	1939	A	A
1913	1940	A	A
1914	1941	C	C
1915	1942	T	T
1916	1943	A	A
1917	1944	T	T
1918	1945	A	A
1919	1946	A	A
1920	1947	C	C
1921	1948	G	G
1922	1949	G	G
1923	1950	T	T
1924	1951	C	C
1925	1952	C	C
1926	1953	T	T
1927	1954	A	A
1928	1955	A	A
1929	1956	G	G
1930	1957	G	G
1931	1958	T	T
1932	1959	A	A
1933	1960	G	G
1934	1961	C	C
1935	1962	G	G
1936	1963	A	A
1937	1964	A	A
1938	1965	A	A
1939	1966	T	T
1940	1967	T	T
1941	1968	C	C
1942	1969	C	C
1943	1970	T	T
1944	1971	T	T
1945	1972	G	G
1946	1973	T	T
1947	1974	C	C
1948	1975	G	G
1949	1976	G	G
1950	1977	G	G
1951	1978	T	T
1952	1979	A	A
1953	1980	A	A
1954	1981	G	G
1955	1982	T	T
1956	1983	T	T
1957	1984	C	C
1958	1985	C	C
1959	1986	G	G
1960	1987	A	A
1961	1988	C	C
1962	1989	C	C
1963	1990	C	T
1964	1991	G	G
1965	1992	C	C
1966	1993	A	A
1967	1994	C	C
1968	1995	G	G
1969	1996	A	A
1970	1997	A	A
1971	1998	A	T
1972	1999	G	G
1973	2000	G	G
1974	2001	C	C
1975	2002	G	G
1976	2003	T	T
1977	2004	A	A
1978	2005	A	A
1979	2006	C	T
1980	2007	G	G
1981	2008	A	A
1982	2009	T	T
1983	2010	T	G
1984	2011	T	G
1985	2012	G	C
1986	2013	G	C
1987	2014	G	A
1988	2015	C	G
1989	2016	A	G
1990	2017	C	C
1991	2018	T	T
1992	2019	G	G
1993	2020	T	T
1994	2021	C	C
1995	2022	T	T
1996	2023	C	C
1997	2024	A	C
1998	2025	A	A
1999	2026	C	C
2000	2027	G	C
2001	2028	A	C
2002	2029	G	G
2003	2030	A	A
2004	2031	G	G
2005	2032	A	A
2006	2033	C	C
2007	2034	T	T
2008	2035	C	C
2009	2036	G	A
2010	2037	G	G
2011	2038	T	T
2012	2039	G	G
2013	2040	A	A
2014	2041	A	A
2015	2042	A	A
2016	2043	T	T
2017	2044	C	T
2018	2045	A	G
2019	2046	T	A
2020	2047	A	A
2021	2048	G	C
2022	2049	T	T
2023	2050	A	C
2024	2051	C	G
2025	2052	C	C
2026	2053	T	T
2027	2054	G	G
2028	2055	T	T
2029	2056	G	G
2030	2057	A	A
2031	2058	A	A
2032	2059	G	G
2033	2060	A	A
2034	2061	T	T
2035	2062	G	G
2036	2063	C	C
2037	2064	A	A
2038	2065	G	G
2039	2066	G	T
2040	2067	T	G
2041	2068	T	T
2042	2069	A	A
2043	2070	C	C
2044	2071	C	C
2045	2072	C	C
2046	2073	G	G
2047	2074	C	C
2048	2075	G	G
2049	2076	A	G
2050	2077	C	C
2051	2078	A	A
2052	2079	G	A
2053	2080	G	G
2054	2081	A	A
2055	2082	C	C
2056	2083	G	G
2057	2084	G	G
2058	2085	A	A
2059	2086	A	A
2060	2087	A	A
2061	2088	G	G
2062	2089	A	A
2063	2090	C	C
2064	2091	C	C
2065	2092	C	C
2066	2093	C	C
2067	2094	G	G
2068	2095	T	T
2069	2096	G	G
2070	2097	G	A
2071	2098	A	A
2072	2099	G	C
2073	2100	C	C
2074	2101	T	T
2075	2102	T	T
2076	2103	T	T
2077	2104	A	A
2078	2105	C	C
2079	2106	T	T
2080	2107	G	A
2081	2108	T	T
2082	2109	A	A
2083	2110	G	G
2084	2111	C	C
2085	2112	C	T
2086	2113	T	T
2087	2114	G	G
2088	2115	A	A
2089	2116	T	C
2090	2117	A	A
2091	2118	T	C
2092	2119	T	T
2093	2120	G	G
2094	2121	A	A
2095	2122	A	A
2096	2123	A	C
2097	2124	T	A
2098	2125	T	T
2099	2126	C	T
2100	2127	G	G
2101	2128	G	A
2102	2129	C	G
2103	2130	A	C
2104	2131	C	C
2105	2132	A	T
2106	2133	G	T
2107	2134	C	G
2108	2135	T	A
2109	2136	T	T
2110	2137	G	G
2111	2138	T	T
2112	2139	A	G
2113	2140	C	T
2114	2141	A	A
2115	2142	G	G
2116	2143	G	G
2117	2144	A	A
2118	2145	T	T
2119	2146	A	A
2120	2147	G	G
2121	2148	G	G
2122	2149	T	T
2123	2150	A	G
2124	2151	G	G
2125	2152	G	G
2126	2153	A	A
2127	2154	G	G
2128	2155	C	G
2129	2156	C	C
2130	2157	T	T
2131	2158	T	T
2132	2159	T	T
2133	2160	G	G
2134	2161	A	A
2135	2162	A	A
2136	2163	A	G
2137	2164	C	T
2138	2165	G	G
2139	2166	T	T
2140	2167	G	G
2141	2168	A	G
2142	2169	G	A
2143	2170	C	C
2144	2171	G	G
2145	2172	C	C
2146	2173	T	C
2147	2174	A	A
2148	2175	G	G
2149	2176	C	T
2150	2177	T	C
2151	2178	T	T
2152	2179	A	G
2153	2180	C	C
2154	2181	G	A
2155	2182	T	T
2156	2183	G	G
2157	2184	G	G
2158	2185	A	A
2159	2186	G	G
2160	2187	G	C
2161	2188	C	C
2162	2189	G	G
2163	2190	C	A
2164	2191	T	C
2165	2192	G	C
2166	2193	G	T
2167	2194	T	T
2168	2195	G	G
2169	2196	G	A
2170	2197	G	A
2171	2198	A	A
2172	2199	T	T
2173	2200	A	A
2174	2201	C	C
2175	2202	T	C
2176	2203	A	A
2177	2204	C	C
2178	2205	C	C
2179	2206	C	C
2180	2207	T	T
2181	2208	A	T
2182	2209	G	T
2183	2210	C	A
2184	2211	T	A
2185	2212	G	T
2186	2213	T	G
2187	2214	G	T
2188	2215	T	T
2189	2216	T	T
2190	2217	G	G
2191	2218	G	A
2192	2219	C	T
2193	2220	T	G
2194	2221	T	T
2195	2222	T	T
2196	2223	C	C
2197	2224	T	T
2198	2225	A	A
2199	2226	A	A
2200	2227	C	C
2201	2228	C	G
2202	2229	C	T
2203	2230	G	T
2204	2231	C	G
2205	2232	A	A
2206	2233	C	C
2207	2234	C	C
2208	2235	A	C
2209	2236	C	G
2210	2237	T	T
2211	2238	T	A
2212	2239	A	A
2213	2240	T	T
2214	2241	C	C
2215	2242	G	C
2216	2243	T	G
2217	2244	G	G
2218	2245	G	G
2219	2246	T	T
2220	2247	G	T
2221	2248	G	G
2222	2249	G	C
2223	2250	A	G
2224	2251	G	G
2225	2252	A	A
2226	2253	C	C
2227	2254	A	A
2228	2255	G	G
2229	2256	T	T
2230	2257	G	G
2231	2258	T	T
2232	2259	C	C
2233	2260	A	T
2234	2261	A	G
2235	2262	G	G
2236	2263	C	T
2237	2264	G	G
2238	2265	G	G
2239	2266	G	G
2240	2267	C	T
2241	2268	A	A
2242	2269	G	G
2243	2270	T	T
2244	2271	T	T
2245	2272	T	T
2246	2273	G	G
2247	2274	A	A
2248	2275	C	C
2249	2276	T	T
2250	2277	G	G
2251	2278	G	G
2252	2279	G	G
2253	2280	G	G
2254	2281	C	C
2255	2282	G	G
2256	2283	G	G
2257	2284	T	T
2258	2285	C	C
2259	2286	G	T
2260	2287	C	C
2261	2288	C	C
2262	2289	T	T
2263	2290	C	C
2264	2291	C	C
2265	2292	T	T
2266	2293	A	A
2267	2294	A	A
2268	2295	A	A
2269	2296	A	G
2270	2297	G	A
2271	2298	G	G
2272	2299	T	T
2273	2300	A	A
2274	2301	A	A
2275	2302	C	C
2276	2303	G	G
2277	2304	G	G
2278	2305	A	A
2279	2306	G	G
2280	2307	G	G
2281	2308	C	A
2282	2309	G	G
2283	2310	C	C
2284	2311	T	A
2285	2312	C	C
2286	2313	A	G
2287	2314	A	A
2288	2315	A	A
2289	2316	G	G
2290	2317	G	G
2291	2318	T	T
2292	2319	T	T
2293	2320	C	G
2294	2321	C	G
2295	2322	C	C
2296	2323	T	T
2297	2324	C	A
2298	2325	A	A
2299	2326	G	T
2300	2327	A	C
2301	2328	A	C
2302	2329	T	T
2303	2330	G	G
2304	2331	G	G
2305	2332	T	T
2306	2333	T	C
2307	2334	G	G
2308	2335	G	G
2309	2336	A	A
2310	2337	A	C
2311	2338	A	A
2312	2339	T	T
2313	2340	C	C
2314	2341	A	A
2315	2342	T	G
2316	2343	T	G
2317	2344	C	A
2318	2345	A	G
2319	2346	T	G
2320	2347	A	T
2321	2348	G	T
2322	2349	A	A
2323	2350	G	G
2324	2351	T	T
2325	2352	G	G
2326	2353	T	C
2327	2354	A	A
2328	2355	A	A
2329	2356	A	T
2330	2357	G	G
2331	2358	G	G
2332	2359	C	C
2333	2360	A	A
2334	2361	T	T
2335	2362	A	A
2336	2363	A	A
2337	2364	G	G
2338	2365	G	C
2339	2366	G	C
2340	2367	A	A
2341	2368	G	G
2342	2369	C	C
2343	2370	T	T
2344	2371	T	T
2345	2372	G	G
2346	2373	A	A
2347	2374	C	C
2348	2375	T	T
2349	2376	G	G
2350	2377	C	C
2351	2378	G	G
2352	2379	A	A
2353	2380	G	G
2354	2381	A	C
2355	2382	C	G
2356	2383	C	T
2357	2384	T	G
2358	2385	A	A
2359	2386	C	C
2360	2387	A	G
2361	2388	A	G
2362	2389	G	C
2363	2390	T	G
2364	2391	C	C
2365	2392	G	G
2366	2393	A	A
2367	2394	G	G
2368	2395	C	C
2369	2396	A	A
2370	2397	G	G
2371	2398	G	G
2372	2399	G	T
2373	2400	T	G
2374	2401	C	C
2375	2402	G	G
2376	2403	A	A
2377	2404	A	A
2378	2405	A	A
2379	2406	G	G
2380	2407	A	C
2381	2408	C	A
2382	2409	G	G
2383	2410	G	G
2384	2411	A	T
2385	2412	C	C
2386	2413	T	A
2387	2414	T	T
2388	2415	A	A
2389	2416	G	G
2390	2417	T	T
2391	2418	G	G
2392	2419	A	A
2393	2420	T	T
2394	2421	C	C
2395	2422	C	C
2396	2423	G	G
2397	2424	G	G
2398	2425	T	T
2399	2426	G	G
2400	2427	G	G
2401	2428	T	T
2402	2429	T	T
2403	2430	C	C
2404	2431	C	T
2405	2432	G	G
2406	2433	C	A
2407	2434	A	A
2408	2435	T	T
2409	2436	G	G
2410	2437	G	G
2411	2438	A	A
2412	2439	A	A
2413	2440	G	G
2414	2441	G	G
2415	2442	G	G
2416	2443	C	C
2417	2444	C	C
2418	2445	A	A
2419	2446	T	T
2420	2447	C	C
2421	2448	G	G
2422	2449	C	C
2423	2450	T	T
2424	2451	C	C
2425	2452	A	A
2426	2453	A	A
2427	2454	C	C
2428	2455	G	G
2429	2456	G	G
2430	2457	A	A
2431	2458	T	T
2432	2459	A	A
2433	2460	A	A
2434	2461	A	A
2435	2462	A	A
2436	2463	G	G
2437	2464	C	G
2438	2465	T	T
2439	2466	A	A
2440	2467	C	C
2441	2468	C	T
2442	2469	C	C
2443	2470	C	C
2444	2471	G	G
2445	2472	G	G
2446	2473	G	G
2447	2474	G	G
2448	2475	A	A
2449	2476	T	T
2450	2477	A	A
2451	2478	A	A
2452	2479	C	C
2453	2480	A	A
2454	2481	G	G
2455	2482	G	G
2456	2483	C	C
2457	2484	T	T
2458	2485	T	G
2459	2486	A	A
2460	2487	T	T
2461	2488	C	A
2462	2489	T	C
2463	2490	C	C
2464	2491	C	G
2465	2492	C	C
2466	2493	C	C
2467	2494	C	C
2468	2495	A	A
2469	2496	A	A
2470	2497	G	G
2471	2498	A	A
2472	2499	G	G
2473	2500	T	T
2474	2501	T	T
2475	2502	C	C
2476	2503	A	A
2477	2504	C	T
2478	2505	A	A
2479	2506	T	T
2480	2507	C	C
2481	2508	G	G
2482	2509	A	A
2483	2510	C	C
2484	2511	G	G
2485	2512	G	G
2486	2513	G	C
2487	2514	G	G
2488	2515	A	G
2489	2516	G	T
2490	2517	G	G
2491	2518	T	T
2492	2519	T	T
2493	2520	T	T
2494	2521	G	G
2495	2522	G	G
2496	2523	C	C
2497	2524	A	A
2498	2525	C	C
2499	2526	C	C
2500	2527	T	T
2501	2528	C	C
2502	2529	G	G
2503	2530	A	A
2504	2531	T	T
2505	2532	G	G
2506	2533	T	T
2507	2534	C	C
2508	2535	G	G
2509	2536	G	G
2510	2537	C	C
2511	2538	T	T
2512	2539	C	C
2513	2540	A	A
2514	2541	T	T
2515	2542	C	C
2516	2543	G	A
2517	2544	C	C
2518	2545	A	A
2519	2546	T	T
2520	2547	C	C
2521	2548	C	C
2522	2549	T	T
2523	2550	G	G
2524	2551	G	G
2525	2552	G	G
2526	2553	G	G
2527	2554	C	C
2528	2555	T	T
2529	2556	G	G
2530	2557	T	A
2531	2558	A	A
2532	2559	G	G
2533	2560	T	T
2534	2561	C	A
2535	2562	G	G
2536	2563	G	G
2537	2564	T	T
2538	2565	C	C
2539	2566	C	C
2540	2567	C	C
2541	2568	A	A
2542	2569	A	A
2543	2570	G	G
2544	2571	G	G
2545	2572	G	G
2546	2573	T	T
2547	2574	T	A
2548	2575	G	T
2549	2576	G	G
2550	2577	G	G
2551	2578	C	C
2552	2579	T	T
2553	2580	G	G
2554	2581	T	T
2555	2582	T	T
2556	2583	C	C
2557	2584	G	G
2558	2585	C	C
2559	2586	C	C
2560	2587	C	A
2561	2588	A	T
2562	2589	T	T
2563	2590	T	T
2564	2591	A	A
2565	2592	A	A
2566	2593	A	A
2567	2594	G	G
2568	2595	C	T
2569	2596	G	G
2570	2597	G	G
2571	2598	T	T
2572	2599	A	A
2573	2600	C	C
2574	2601	G	G
2575	2602	C	C
2576	2603	G	G
2577	2604	A	A
2578	2605	G	G
2579	2606	C	C
2580	2607	T	T
2581	2608	G	G
2582	2609	G	G
2583	2610	G	G
2584	2611	T	T
2585	2612	T	T
2586	2613	C	T
2587	2614	A	A
2588	2615	G	G
2589	2616	A	A
2590	2617	A	A
2591	2618	C	C
2592	2619	G	G
2593	2620	T	T
2594	2621	C	C
2595	2622	G	G
2596	2623	T	T
2597	2624	G	G
2598	2625	A	A
2599	2626	G	G
2600	2627	A	A
2601	2628	C	C
2602	2629	A	A
2603	2630	G	G
2604	2631	T	T
2605	2632	T	T
2606	2633	C	C
2607	2634	G	G
2608	2635	G	G
2609	2636	T	T
2610	2637	C	C
2611	2638	C	C
2612	2639	C	C
2613	2640	T	T
2614	2641	A	A
2615	2642	T	T
2616	2643	C	C
2617	2644	C	T
2618	2645	G	G
2619	2646	T	C
2620	2647	C	C
2621	2648	G	G
2622	2649	T	T
2623	2650	G	G
2624	2651	G	G
2625	2652	G	G
2626	2653	C	C
2627	2654	G	G
2628	2655	T	C
2629	2656	A	T
2630	2657	G	G
2631	2658	G	G
2632	2659	A	A
2633	2660	A	G
2634	2661	A	A
2635	2662	T	A
2636	2663	T	C
2637	2664	T	T
2638	2665	G	G
2639	2666	A	A
2640	2667	G	G
2641	2668	A	G
2642	2669	G	G
2643	2670	G	G
2644	2671	A	G
2645	2672	G	G
2646	2673	C	C
2647	2674	T	T
2648	2675	G	G
2649	2676	T	C
2650	2677	C	T
2651	2678	C	C
2652	2679	T	C
2653	2680	T	T
2654	2681	A	A
2655	2682	G	G
2656	2683	T	T
2657	2684	A	A
2658	2685	C	C
2659	2686	G	G
2660	2687	A	A
2661	2688	G	G
2662	2689	A	A
2663	2690	G	G
2664	2691	G	G
2665	2692	A	A
2666	2693	C	C
2667	2694	C	C
2668	2695	G	G
2669	2696	G	G
2670	2697	G	A
2671	2698	A	G
2672	2699	T	T
2673	2700	G	G
2674	2701	G	G
2675	2702	A	A
2676	2703	C	C
2677	2704	A	G
2678	2705	T	C
2679	2706	A	A
2680	2707	C	T
2681	2708	C	C
2682	2709	T	A
2683	2710	C	C
2684	2711	T	T
2685	2712	G	G
2686	2713	G	G
2687	2714	T	T
2688	2715	G	G
2689	2716	T	T
2690	2717	A	T
2691	2718	C	C
2692	2719	C	G
2693	2720	A	G
2694	2721	G	G
2695	2722	T	T
2696	2723	T	T
2697	2724	G	G
2698	2725	T	T
2699	2726	C	C
2700	2727	G	A
2701	2728	T	T
2702	2729	G	G
2703	2730	C	C
2704	2731	C	C
2705	2732	A	A
2706	2733	A	A
2707	2734	C	T
2708	2735	G	G
2709	2736	G	G
2710	2737	C	C
2711	2738	A	A
2712	2739	T	C
2713	2740	A	T
2714	2741	G	G
2715	2742	C	C
2716	2743	T	C
2717	2744	G	C
2718	2745	G	G
2719	2746	G	G
2720	2747	T	T
2721	2748	A	A
2722	2749	G	G
2723	2750	C	C
2724	2751	T	T
2725	2752	A	A
2726	2753	T	A
2727	2754	G	A
2728	2755	T	T
2729	2756	G	G
2730	2757	T	C
2731	2758	G	G
2732	2759	G	G
2733	2760	A	A
2734	2761	C	A
2735	2762	G	G
2736	2763	G	A
2737	2764	G	G
2738	2765	A	A
2739	2766	T	T
2740	2767	A	A
2741	2768	A	A
2742	2769	G	G
2743	2770	T	T
2744	2771	G	G
2745	2772	C	C
2746	2773	T	T
2747	2774	G	G
2748	2775	A	A
2749	2776	A	A
2750	2777	A	A
2751	2778	G	G
2752	2779	C	C
2753	2780	A	A
2754	2781	T	T
2755	2782	C	C
2756	2783	T	T
2757	2784	A	A
2758	2785	A	A
2759	2786	G	G
2760	2787	C	C
2761	2788	A	A
2762	2789	T	C
2763	2790	G	G
2764	2791	A	A
2765	2792	A	A
2766	2793	G	A
2767	2794	C	C
2768	2795	C	T
2769	2796	C	T
2770	2797	C	G
2771	2798	C	C
2772	2799	C	C
2773	2800	T	C
2774	2801	C	C
2775	2802	A	G
2776	2803	A	A
2777	2804	G	G
2778	2805	A	A
2779	2806	T	T
2780	2807	G	G
2781	2808	A	A
2782	2809	G	G
2783	2810	A	T
2784	2811	T	T
2785	2812	T	C
2786	2813	T	T
2787	2814	C	C
2788	2815	C	C
2789	2816	C	C
2790	2817	A	T
2791	2818	A	G
2792	2819	C	A
2793	2820	T	C
2794	2821	T	C
2795	2822	C	C
2796	2823	G	T
2797	2824	G	T
2798	2825	T	T
2799	2826	T	A
2800	2827	A	A
2801	.	-	G
2802	.	-	G
2803	.	-	G
2804	.	-	T
2805	.	-	C
2806	.	-	C
2807	.	-	T
2808	2828	T	G
2809	2829	A	A
2810	2830	A	A
2811	2831	G	G
2812	2832	A	G
2813	2833	T	A
2814	2834	C	A
2815	2835	C	C
2816	2836	C	G
2817	2837	T	T
2818	2838	C	T
2819	2839	A	G
2820	2840	A	A
2821	2841	A	A
2822	2842	G	G
2823	2843	A	A
2824	2844	T	C
2825	2845	G	G
2826	2846	A	A
2827	2847	T	C
2828	2848	G	G
2829	2849	A	A
2830	2850	G	C
2831	2851	G	G
2832	2852	T	T
2833	2853	T	T
2834	2854	A	G
2835	2855	A	A
2836	2856	T	T
2837	2857	A	A
2838	2858	G	G
2839	2859	G	G
2840	2860	T	C
2841	2861	T	C
2842	2862	C	G
2843	2863	G	G
2844	2864	A	G
2845	2865	G	T
2846	2866	G	G
2847	2867	T	T
2848	2868	G	G
2849	2869	G	T
2850	2870	A	A
2851	2871	A	A
2852	2872	G	G
2853	2873	C	C
2854	2874	A	G
2855	2875	T	C
2856	2876	G	A
2857	2877	G	G
2858	2878	T	C
2859	2879	G	G
2860	2880	A	A
2861	2881	C	T
2862	2882	A	G
2863	2883	T	C
2864	2884	G	G
2865	2885	T	T
2866	2886	G	T
2867	2887	G	G
2868	2888	A	A
2869	2889	G	G
2870	2890	C	C
2871	2891	T	T
2872	2892	G	A
2873	2893	A	A
2874	2894	C	C
2875	2895	G	C
2876	2896	A	G
2877	2897	A	G
2878	2898	T	T
2879	2899	A	A
2880	2900	C	C
2881	2901	T	T
2882	2902	A	A
2883	2903	A	A
2884	2904	T	T
2885	2905	C	G
2886	2906	G	A
2887	2907	A	A
2888	2908	T	C
2889	2909	C	C
2890	2910	G	G
2891	.	-	T
2892	2911	A	G
2893	2912	A	A
2894	2913	G	G
2895	2914	A	G
2896	2915	C	C
2897	2916	T	T
2898	2917	T	T
2899	2918	A	A
2900	2919	A	A
2901	2920	T	C
2902	2921	C	C
2903	2922	A	T
2904	2923	A	T
