ST	atpA	ddl	gdh	purK	gyd	pstS	adk
1	8	4	5	7	1	1	5
2	8	4	5	7	9	1	5
3	8	4	5	7	1	12	5
4	8	4	1	3	1	1	5
5	5	2	1	9	1	1	5
6	4	2	1	9	1	1	5
7	4	2	1	2	1	1	5
8	5	2	1	6	1	7	1
9	5	2	6	6	1	7	1
10	5	2	1	6	1	1	1
11	5	2	7	6	1	1	1
12	5	2	6	6	1	1	1
13	9	2	1	6	7	7	1
14	9	2	7	6	1	7	1
15	9	2	7	9	1	7	4
16	1	2	1	1	1	1	1
17	1	1	1	1	1	1	1
18	7	1	1	1	5	1	1
19	7	1	1	1	1	11	1
20	5	1	1	1	8	6	1
21	9	3	1	2	1	1	1
22	2	3	1	2	1	1	1
23	2	3	1	2	1	1	7
24	2	3	1	7	1	1	1
25	9	3	1	6	1	1	1
26	9	2	1	6	1	1	1
27	2	7	5	7	1	1	1
28	2	7	5	6	1	1	1
29	4	5	1	3	1	1	1
30	5	3	1	6	2	2	1
31	1	3	1	1	1	1	3
32	3	3	1	2	1	1	1
33	2	3	1	2	1	5	1
34	3	3	1	2	2	1	1
35	3	3	1	6	1	1	1
36	2	3	2	2	3	1	1
37	9	7	5	7	1	8	1
38	2	5	3	5	4	4	1
39	6	6	4	4	3	3	2
40	10	8	8	8	6	10	6
41	8	4	5	3	1	1	5
42	17	4	1	13	1	1	5
43	3	4	5	7	1	1	5
44	3	2	12	9	1	1	5
45	5	5	1	6	1	1	5
46	5	2	1	11	1	14	6
47	9	2	1	11	1	14	5
48	9	2	1	6	1	16	1
49	15	2	12	6	1	1	1
50	15	1	6	6	1	1	1
51	16	2	7	6	2	1	1
52	12	9	6	3	1	13	1
53	3	2	6	3	1	7	1
54	2	9	6	6	1	11	1
55	2	1	1	2	1	1	1
56	5	3	1	6	1	1	1
57	4	3	1	3	1	1	1
58	5	3	11	6	2	16	1
59	14	4	10	6	1	15	5
60	13	8	8	8	11	10	6
61	13	8	8	8	6	17	6
62	11	8	9	10	10	9	6
63	1	1	1	21	1	1	1
64	7	1	1	1	1	1	1
65	1	2	1	20	1	1	9
66	9	5	1	3	1	1	1
67	5	3	13	6	2	1	1
68	9	12	12	24	1	1	5
69	9	2	1	11	1	14	6
70	9	4	12	9	1	7	10
71	15	3	1	2	1	1	1
72	3	1	1	2	13	1	1
73	20	9	16	3	1	25	1
74	22	13	14	22	6	27	6
75	13	8	8	23	6	28	11
76	13	8	10	23	6	28	11
77	13	8	10	23	6	29	11
78	15	1	1	1	1	1	1
79	9	3	1	6	1	7	1
80	9	1	1	1	12	1	1
81	7	1	1	5	5	1	1
82	9	2	6	3	1	7	1
83	9	12	1	3	7	23	5
84	12	3	1	19	1	24	1
85	13	8	15	8	11	10	6
86	12	15	1	3	1	30	12
87	3	5	1	6	1	1	1
88	18	3	1	9	1	1	5
89	18	3	1	12	15	1	5
90	3	2	13	6	1	1	1
91	5	3	1	1	8	6	1
92	5	3	1	2	1	1	1
93	5	3	1	2	1	31	1
94	13	8	8	8	6	10	6
95	11	13	9	15	10	19	6
96	13	16	8	16	11	19	6
97	4	5	1	3	1	20	1
98	19	13	9	17	10	9	6
99	9	5	1	18	1	21	3
100	5	13	18	17	10	26	6
101	21	2	12	9	1	20	5
102	2	4	1	9	1	1	10
103	1	14	1	21	1	1	1
104	3	3	17	2	1	1	1
105	4	4	19	25	14	7	5
106	23	3	1	6	1	1	1
107	11	13	18	17	10	19	6
108	25	13	18	17	17	19	6
109	3	3	6	6	1	1	1
110	5	4	20	9	2	1	5
111	2	3	6	2	1	1	1
112	9	3	21	18	6	1	3
113	26	3	1	2	1	1	1
114	5	3	21	18	6	32	3
115	9	5	1	2	1	1	1
116	25	17	18	17	10	19	6
117	9	1	1	1	1	1	1
118	24	13	8	8	2	22	6
119	2	18	13	6	1	1	1
120	9	2	1	6	1	33	1
121	15	1	1	2	1	1	1
122	14	2	1	3	1	1	1
123	5	5	1	3	1	1	1
124	9	2	7	6	1	1	1
125	7	3	1	1	5	1	1
126	9	10	1	11	1	14	13
127	2	2	6	6	1	11	1
128	3	3	1	14	1	1	1
129	18	3	1	2	1	1	13
130	8	4	12	9	1	1	5
131	2	18	12	3	1	1	1
132	7	1	1	1	12	1	1
133	5	2	1	9	1	14	5
134	5	2	1	3	1	7	1
135	27	3	1	2	1	1	1
136	2	3	1	26	1	1	1
137	5	3	1	9	1	1	5
138	3	5	1	3	1	14	5
139	3	5	1	3	1	1	5
140	3	2	1	9	1	1	5
141	5	5	1	9	1	1	5
142	5	4	12	6	1	1	8
143	29	2	12	6	1	1	1
144	28	2	1	12	2	34	5
145	5	1	1	1	1	1	8
146	3	2	6	6	1	1	1
147	5	2	1	9	1	2	5
148	5	2	1	3	1	1	1
149	4	2	12	9	1	20	5
150	5	4	12	9	1	1	5
151	5	5	1	6	1	1	1
152	9	8	8	17	1	19	6
153	21	5	12	3	1	20	1
154	9	2	1	1	1	1	1
155	25	13	23	17	10	35	13
156	5	2	12	9	1	1	5
157	9	2	6	6	1	7	1
158	9	2	6	6	1	36	1
159	30	3	1	2	1	1	1
160	4	3	1	27	1	1	1
161	3	2	1	11	1	14	6
162	7	2	6	6	5	1	1
163	5	13	9	15	8	37	6
164	27	18	22	28	16	33	13
165	15	3	1	14	1	1	1
166	15	1	6	6	18	1	1
167	5	1	1	1	1	7	1
168	14	5	1	1	1	1	1
169	7	3	1	5	5	1	3
170	9	3	1	5	1	1	3
171	9	3	1	28	5	1	3
172	25	13	18	15	10	29	6
173	7	1	1	29	12	1	1
174	1	1	1	29	1	1	1
175	5	5	12	6	1	1	1
176	9	2	6	3	1	1	1
177	15	2	6	6	1	1	1
178	13	8	8	8	6	27	6
179	25	8	10	17	1	19	11
180	1	1	1	1	1	38	1
181	1	1	1	1	1	33	1
182	1	1	1	1	1	19	1
183	4	5	9	3	1	20	1
184	5	2	1	3	1	1	5
185	5	2	1	9	1	20	5
186	7	2	1	1	5	1	1
187	31	1	1	1	1	1	1
188	32	3	1	6	1	1	1
189	3	2	1	9	1	20	5
190	5	3	6	6	2	20	1
191	2	2	1	6	1	7	1
192	15	1	1	1	1	7	1
193	5	2	1	6	2	36	1
194	5	2	7	6	1	7	1
195	9	2	1	6	1	7	1
196	5	2	6	6	1	36	1
197	5	2	24	14	1	39	1
198	16	2	6	6	2	7	1
199	2	2	1	30	1	11	1
200	9	2	1	3	1	33	1
201	15	1	1	1	1	21	1
202	1	1	1	1	1	7	1
203	15	1	1	1	1	20	1
204	15	1	6	1	1	1	1
205	3	1	1	1	1	1	1
206	1	3	1	1	1	1	7
207	3	1	1	1	1	20	1
208	33	2	1	1	1	1	1
209	37	1	1	1	1	1	1
210	9	3	1	18	1	1	3
211	5	13	18	17	17	19	6
212	15	7	5	7	1	1	1
213	13	8	8	8	6	27	11
214	2	3	2	2	1	1	1
215	3	7	3	6	1	1	1
216	15	4	12	6	1	1	5
217	21	2	12	9	1	1	5
218	13	8	8	23	6	10	11
219	25	3	1	2	10	10	1
220	35	3	25	2	1	1	1
221	5	13	26	7	10	6	6
222	36	8	10	8	20	9	6
223	10	20	9	17	17	19	6
224	36	13	18	17	10	41	14
225	13	21	8	17	10	27	6
226	5	13	26	17	10	26	6
227	35	1	1	1	5	1	1
228	34	2	25	6	1	11	1
229	11	8	10	8	20	9	6
230	15	1	1	1	12	1	1
231	15	1	24	6	1	1	1
232	15	2	24	6	1	1	1
233	1	1	1	1	1	20	1
234	1	1	6	1	1	1	1
235	9	1	1	1	1	1	7
236	9	2	6	6	1	1	1
237	5	2	24	14	1	7	1
238	2	2	6	6	1	7	1
239	36	13	18	17	10	41	6
240	25	13	9	33	10	19	6
241	9	2	13	6	1	7	1
242	9	2	7	6	1	16	1
243	9	2	7	6	7	1	1
244	5	3	1	32	1	7	1
245	9	2	1	6	1	36	1
246	9	2	1	6	1	20	1
247	38	4	12	9	2	1	15
248	5	2	13	6	1	7	1
249	15	1	27	1	1	1	1
250	3	2	7	34	1	1	1
251	9	2	1	34	1	1	1
252	1	5	1	1	1	1	1
253	3	7	3	35	1	1	1
254	39	2	12	9	1	20	5
255	4	2	1	9	1	20	5
256	28	2	12	9	2	20	5
257	3	3	1	2	1	1	16
258	2	23	1	6	1	42	1
259	5	2	24	6	1	16	1
260	7	1	1	1	12	7	1
261	5	12	1	1	1	7	1
262	7	1	1	1	5	7	1
263	2	3	1	6	1	1	1
264	5	4	6	6	2	1	8
265	9	4	1	6	21	20	5
266	15	1	6	6	1	7	1
267	1	1	1	1	5	1	1
268	2	1	1	1	1	11	1
269	2	2	1	6	1	1	1
270	2	2	24	6	1	1	1
271	4	5	1	6	1	1	1
272	4	5	8	3	1	20	1
273	7	3	1	1	5	7	1
274	7	3	1	1	1	7	1
275	7	5	1	1	5	1	1
276	7	22	1	1	5	1	1
277	9	2	6	14	1	1	1
278	21	5	1	6	1	1	5
279	1	5	1	1	1	7	1
280	1	3	1	1	1	1	1
281	9	24	1	18	1	1	3
282	7	1	1	1	5	20	1
283	15	25	1	1	1	20	1
284	9	2	1	6	1	1	5
285	25	8	8	23	10	10	11
286	40	4	12	9	1	1	5
287	15	26	1	1	1	1	1
288	15	27	1	1	1	1	1
289	13	8	8	8	6	40	6
290	1	12	1	1	1	1	1
291	3	19	1	2	1	1	1
292	3	3	1	31	1	1	1
293	5	3	1	6	2	14	1
294	2	1	1	1	1	1	1
295	1	1	1	1	1	1	6
296	25	8	8	8	10	10	6
297	9	2	6	36	1	1	1
298	15	2	24	6	1	7	1
299	24	8	8	8	6	10	11
300	41	2	1	1	1	1	1
301	42	2	28	11	1	14	17
302	7	22	1	1	12	1	1
303	1	2	1	1	1	7	15
304	5	1	1	1	2	2	1
305	7	2	1	1	12	1	15
306	1	28	1	1	1	1	1
307	1	11	1	1	1	1	1
308	1	29	1	1	1	1	1
309	5	2	6	6	2	7	1
310	9	2	1	6	22	7	1
311	9	3	13	6	1	7	1
312	5	2	6	6	2	43	1
313	5	1	1	1	5	1	1
314	43	5	1	1	12	7	1
315	1	1	1	3	1	1	1
316	15	1	1	1	5	1	1
317	15	3	1	1	1	7	1
318	44	1	1	1	1	44	1
319	7	30	1	1	5	1	3
320	9	1	1	1	12	29	1
321	7	3	1	1	1	1	3
322	7	1	6	1	5	7	1
323	5	1	1	1	1	1	1
324	5	1	1	2	1	1	1
325	7	1	29	1	19	1	1
326	7	1	30	1	14	1	1
327	25	13	9	15	10	19	6
328	25	13	18	17	10	19	6
329	9	8	14	8	10	27	6
330	3	31	1	6	1	45	1
331	19	13	32	37	14	19	6
332	9	2	33	11	16	14	6
333	15	2	1	1	1	7	1
334	13	8	15	8	11	19	6
335	45	13	34	15	19	29	18
336	7	32	1	1	5	1	1
337	5	3	1	38	8	6	1
338	44	1	1	1	1	1	1
339	15	1	1	1	1	1	19
340	7	1	35	1	5	1	1
341	15	5	1	1	1	1	1
342	7	5	1	1	1	1	1
343	15	1	1	39	1	20	1
344	7	1	1	1	5	47	1
345	25	8	8	8	10	48	6
346	9	33	36	40	2	49	6
347	2	5	3	5	4	50	1
348	7	1	1	1	2	1	1
349	1	2	1	1	5	1	1
350	5	2	1	11	1	1	5
351	7	15	1	1	5	1	1
352	13	8	10	8	6	10	6
353	7	1	22	1	23	1	1
354	4	2	1	41	1	1	5
355	3	34	1	6	1	11	1
356	46	18	10	23	1	46	11
357	1	1	37	1	24	1	1
358	9	2	1	32	1	1	1
359	7	1	1	1	1	7	1
360	1	36	1	1	1	1	1
361	13	8	8	8	6	51	6
362	45	1	32	39	14	1	18
363	15	1	1	39	1	1	1
364	7	1	1	1	1	20	1
365	15	1	1	1	1	20	2
366	47	1	1	1	14	1	1
367	47	37	1	1	1	1	1
368	7	38	1	1	12	1	1
369	48	1	1	1	12	1	1
370	5	2	6	6	1	16	1
371	1	8	1	1	1	1	1
372	2	5	1	3	1	1	1
373	5	2	1	3	1	36	1
374	5	2	1	12	1	1	5
375	9	3	1	1	12	1	1
376	9	12	1	1	12	1	1
377	15	1	1	1	2	7	1
378	1	2	1	1	1	7	1
379	2	3	6	6	1	1	1
380	7	28	1	1	5	1	1
381	9	1	1	18	1	1	3
382	9	5	1	1	1	1	3
383	9	5	1	1	1	1	18
384	9	5	1	18	1	1	3
385	1	5	1	1	1	6	3
386	1	1	1	1	1	6	1
387	9	5	1	1	1	7	3
388	7	1	1	1	5	1	3
389	1	5	1	1	1	1	3
390	1	39	1	1	1	1	1
391	7	3	1	1	12	1	20
392	2	3	1	2	1	53	1
393	5	2	1	1	1	1	1
394	47	2	6	6	1	7	1
395	9	2	6	6	1	8	1
396	5	3	1	14	25	1	1
397	15	1	1	42	1	1	1
398	15	1	6	1	1	7	1
399	15	27	1	1	1	7	1
400	4	1	1	1	1	7	1
401	4	1	6	6	1	20	1
402	15	3	6	6	1	7	1
403	15	1	1	1	1	7	21
404	4	2	1	43	1	54	5
405	49	2	6	6	1	1	1
406	4	2	1	3	1	41	1
407	1	3	1	1	1	52	1
408	9	3	1	1	1	52	1
409	7	1	1	1	12	1	3
410	9	1	1	1	1	1	3
411	50	1	6	18	1	1	1
412	15	1	1	44	1	20	1
413	7	1	6	6	5	7	1
414	15	5	1	1	1	20	1
415	1	33	1	1	1	1	6
416	5	3	1	2	2	1	1
417	5	7	5	7	2	1	1
418	9	1	1	18	1	1	1
419	47	1	32	1	14	1	18
420	5	3	38	2	1	1	1
421	3	2	1	6	1	7	1
422	2	2	6	6	1	1	1
423	5	2	6	6	1	20	1
424	5	2	1	3	1	20	1
425	5	2	1	3	1	33	1
426	7	5	1	18	1	1	3
427	7	5	1	18	1	1	1
428	45	13	18	17	10	19	6
429	5	3	6	6	1	55	1
430	5	3	1	1	1	7	1
431	7	2	1	1	1	1	1
432	51	40	12	3	1	1	1
433	9	5	8	3	1	1	1
434	11	8	8	17	10	41	6
435	2	3	1	2	1	1	22
436	52	3	1	2	1	1	1
437	9	5	1	3	1	20	1
438	15	1	1	1	1	56	1
439	53	2	6	6	1	33	5
440	43	1	1	1	12	1	1
441	2	3	1	1	1	1	1
442	5	1	1	2	6	1	1
443	9	4	12	1	1	20	5
444	47	1	1	1	1	1	23
445	9	2	6	6	1	20	1
446	9	2	1	3	1	1	1
447	1	43	1	44	1	20	1
448	1	3	1	44	1	20	1
449	5	2	1	45	1	14	1
450	9	2	1	3	1	7	1
451	5	2	6	3	1	1	1
452	2	2	1	3	1	7	5
453	54	1	1	1	1	7	1
454	15	1	1	1	1	11	1
455	7	1	1	6	1	11	1
456	5	1	1	2	1	57	1
457	7	1	1	1	1	58	1
458	15	3	1	46	1	7	1
459	15	1	6	47	1	7	1
460	1	42	1	1	1	1	1
461	5	2	6	32	1	7	1
462	5	2	6	6	1	33	1
463	9	2	6	6	1	16	1
464	5	2	6	3	1	7	5
465	53	2	6	3	1	33	5
466	2	2	6	3	1	11	1
467	5	18	24	6	2	33	1
468	2	3	1	2	1	33	1
469	9	4	6	1	1	33	1
470	25	13	34	48	19	26	6
471	7	1	1	1	21	7	1
472	1	1	1	1	1	34	1
473	13	8	8	8	6	59	6
474	5	6	4	4	10	60	2
475	1	44	1	1	1	1	1
476	3	3	6	2	1	1	1
477	4	3	1	1	1	7	1
478	15	43	1	44	1	20	1
479	1	5	1	1	1	20	1
480	31	1	1	1	1	1	19
481	15	1	1	1	9	7	1
482	15	1	1	1	1	7	20
483	15	1	39	1	1	20	1
484	55	2	1	1	1	1	1
485	1	1	1	1	1	61	1
486	5	2	5	3	1	1	5
487	9	2	7	6	1	8	1
488	56	2	13	6	1	7	1
489	5	2	7	6	4	7	1
490	9	2	7	6	1	36	1
491	5	2	1	1	1	7	1
492	3	3	41	2	1	1	1
493	5	2	12	12	1	1	5
494	15	3	1	1	1	20	1
495	46	8	10	17	1	46	11
496	7	9	1	1	5	1	1
497	1	8	1	1	1	1	6
498	4	2	43	9	1	1	5
499	9	2	1	49	1	1	5
500	15	2	1	9	1	63	5
501	5	3	12	2	1	1	24
502	2	3	42	14	1	1	1
503	13	13	18	17	6	64	6
504	9	3	1	2	1	65	1
505	4	5	1	3	1	62	1
506	3	3	12	2	1	1	1
507	9	2	13	6	1	36	1
508	21	5	9	9	1	1	5
509	21	2	1	9	1	1	5
510	3	5	1	9	1	1	5
511	5	3	6	6	2	1	1
512	8	25	1	11	1	14	15
513	3	2	6	3	1	1	1
514	2	18	1	6	1	36	1
515	9	4	12	6	1	20	5
516	5	2	6	6	1	36	5
517	9	2	13	6	1	1	1
518	5	4	12	6	1	1	5
519	5	2	7	3	2	7	1
520	3	2	6	6	1	7	1
521	5	5	1	3	2	20	1
522	57	2	1	3	1	1	5
523	9	5	12	3	1	20	1
524	4	5	12	3	1	20	1
525	4	1	1	1	5	20	1
526	14	2	6	6	2	1	1
527	3	3	6	6	1	39	1
528	9	5	1	12	1	20	1
529	5	3	12	7	1	63	1
530	5	4	1	6	1	2	5
531	7	1	1	2	5	1	1
532	2	46	1	14	1	25	25
533	2	3	1	14	1	1	1
534	13	16	8	16	11	10	6
535	5	1	1	1	8	1	1
536	58	3	1	2	1	1	1
537	11	13	9	17	17	19	6
538	1	1	1	1	1	66	1
539	9	4	1	1	1	1	8
540	25	13	9	17	10	19	6
541	4	2	12	6	1	1	1
542	21	2	1	9	29	1	5
543	1	1	1	1	28	1	1
544	5	8	8	8	8	19	6
545	14	4	12	6	1	1	5
546	9	3	1	1	12	1	3
547	15	5	1	1	1	1	3
548	15	47	1	1	1	1	1
549	15	1	44	1	1	1	1
550	43	1	1	1	1	1	1
551	9	3	1	1	1	1	1
552	1	3	1	1	1	7	1
553	7	49	1	18	1	1	3
554	1	1	44	1	1	1	1
555	4	1	1	1	1	1	1
556	15	5	1	1	1	8	1
557	15	1	1	1	1	1	18
558	45	1	1	1	1	1	1
559	7	5	1	1	5	1	3
560	52	1	1	1	1	1	18
561	9	5	1	1	1	7	1
562	1	5	1	1	1	67	1
563	9	5	1	1	1	1	1
564	15	3	1	1	1	1	1
565	15	1	1	8	1	1	1
566	13	8	8	1	6	10	6
567	15	12	1	1	1	10	1
568	11	8	9	17	10	1	18
569	7	3	1	1	1	1	6
570	15	12	1	1	1	1	1
571	59	1	1	39	1	1	1
572	15	1	1	39	1	7	1
573	9	40	12	3	1	33	1
574	7	1	1	6	5	1	1
575	3	3	1	1	1	1	1
576	13	8	8	52	17	27	6
577	15	1	1	1	5	20	1
578	14	1	1	1	1	1	1
579	13	8	8	51	6	27	6
580	13	8	45	23	6	68	6
581	2	50	1	3	1	7	1
582	1	13	1	1	1	1	6
583	5	8	14	22	8	26	6
584	1	1	1	44	1	1	1
585	5	2	1	3	1	7	5
586	15	2	1	1	1	20	1
587	9	2	6	32	1	36	1
588	5	1	1	3	1	1	1
589	4	3	1	2	1	20	1
590	5	4	1	53	2	7	1
591	13	8	8	15	6	69	6
592	5	3	6	53	2	1	1
593	5	1	47	1	1	1	1
594	1	1	46	1	1	7	1
595	1	1	46	29	1	7	1
596	45	1	19	1	14	1	18
597	5	3	1	1	1	11	1
598	5	1	1	1	1	11	1
599	60	3	1	3	2	1	1
600	3	3	1	2	1	2	1
601	47	1	6	1	16	20	18
602	5	3	1	2	1	7	1
603	4	2	12	9	1	7	5
604	13	8	8	23	6	27	6
605	4	2	12	9	1	59	5
606	2	7	1	6	1	4	1
607	4	5	1	4	1	62	1
608	5	40	12	3	1	1	10
609	5	2	1	43	2	2	5
610	5	3	6	6	1	1	1
611	4	3	1	2	1	1	1
612	9	1	1	1	5	1	1
613	6	6	14	4	3	46	6
614	10	13	9	17	17	19	6
615	5	40	12	3	2	1	1
616	15	1	1	44	1	7	1
617	5	1	26	17	10	20	6
618	36	45	9	50	27	19	26
619	15	3	50	2	1	70	1
620	25	8	51	22	10	19	6
621	15	3	12	9	1	1	1
622	63	8	8	54	6	27	6
623	25	8	52	17	10	71	6
624	5	13	18	17	1	19	6
625	11	13	9	15	17	18	6
626	1	2	1	1	1	1	5
627	62	3	1	2	1	1	1
628	5	3	49	2	1	1	1
629	61	3	49	2	1	1	1
630	5	51	1	6	1	7	1
631	7	1	48	1	5	1	1
632	64	25	1	11	1	14	15
633	2	1	1	14	1	1	1
634	25	8	14	22	10	71	1
635	5	2	1	55	1	1	18
636	5	5	1	3	1	7	1
637	9	5	53	3	1	1	1
638	5	5	54	3	1	7	1
639	2	40	12	3	1	1	1
640	5	3	1	6	1	7	1
641	5	3	1	6	2	1	5
642	5	2	12	9	1	2	5
643	11	8	36	8	6	19	6
644	3	3	17	56	1	1	1
645	5	2	1	55	30	1	5
646	14	5	1	3	1	1	1
647	13	8	8	8	10	28	6
648	25	8	14	22	10	71	6
649	5	2	1	55	1	1	5
650	5	5	1	3	1	1	5
651	13	1	8	8	6	51	11
652	9	7	5	7	1	1	1
653	15	3	1	1	30	1	1
654	8	8	8	23	1	27	15
655	9	3	1	1	1	7	1
656	15	3	1	44	1	20	1
657	15	43	1	44	1	20	6
658	36	1	1	44	17	20	1
659	15	52	1	1	1	1	1
660	15	53	1	1	1	1	1
661	27	1	32	1	14	1	23
662	7	1	1	20	5	1	1
663	5	3	1	1	1	1	1
664	1	2	1	44	1	1	1
665	7	1	1	44	5	1	1
666	5	3	6	6	2	7	1
667	3	4	12	57	1	1	5
668	5	2	1	9	31	72	5
669	9	8	14	58	6	27	6
670	7	1	1	1	32	1	1
671	9	5	1	3	1	7	1
672	9	4	1	9	21	20	5
673	2	4	1	1	1	1	8
674	25	8	14	22	10	73	6
675	65	2	1	11	1	10	15
676	1	1	1	1	33	1	1
677	9	1	1	1	1	74	1
678	25	8	52	17	10	75	6
679	2	3	55	2	1	1	1
680	5	4	1	6	1	1	5
681	2	5	1	2	1	1	1
682	3	3	2	2	1	1	1
683	3	3	1	2	1	7	1
684	66	8	8	8	6	28	6
685	13	8	8	23	17	27	11
686	13	8	8	8	6	1	6
687	13	8	1	8	6	10	6
688	13	8	8	59	6	27	6
689	19	13	9	17	10	76	18
690	25	13	18	15	10	29	18
691	13	8	8	8	6	27	1
692	36	8	8	8	17	27	6
693	24	8	10	23	2	19	11
694	25	8	8	8	10	7	6
695	11	8	8	8	10	10	6
696	25	8	14	22	10	19	6
697	11	8	8	60	10	77	6
698	25	13	18	17	10	19	18
699	12	8	6	3	1	41	1
700	9	4	1	6	1	20	5
701	5	1	6	6	2	7	1
702	4	3	6	61	1	7	1
703	7	8	1	1	5	27	1
704	5	2	1	11	26	14	6
705	2	5	1	9	1	1	5
706	5	2	56	9	2	20	5
707	8	4	1	9	1	78	5
708	2	4	1	9	34	1	10
709	2	4	1	9	1	1	5
710	2	4	3	9	1	1	10
711	2	4	1	9	35	1	5
712	2	4	1	6	1	25	5
713	36	13	9	17	17	6	6
714	5	8	14	22	8	26	1
715	67	54	14	63	36	79	6
716	2	4	1	62	1	1	10
717	5	8	14	62	8	27	6
718	5	5	9	3	1	1	1
719	68	1	1	1	1	1	1
720	11	56	18	17	2	81	6
721	9	1	1	1	1	20	1
722	2	55	57	14	1	80	1
723	1	1	1	1	1	82	1
724	7	1	1	64	5	1	1
725	11	8	58	8	10	10	6
726	13	8	10	23	6	10	6
727	1	2	1	1	1	19	1
728	4	5	1	6	1	68	1
729	13	9	6	6	6	11	1
730	5	1	1	1	1	20	1
731	10	13	18	65	17	19	6
732	61	13	59	17	10	26	6
733	15	1	1	1	21	1	1
734	15	1	1	44	1	83	1
735	7	1	60	1	5	1	1
736	1	3	1	44	1	1	1
737	15	8	1	1	1	7	1
738	3	3	1	2	1	53	1
739	47	1	32	1	14	1	1
740	47	1	1	1	1	20	1
741	40	1	1	1	1	20	1
742	15	1	1	44	1	8	18
743	15	1	1	1	20	20	1
744	47	1	1	1	1	1	18
745	47	1	1	1	1	20	18
746	1	1	1	1	14	20	1
747	52	1	31	1	19	1	18
748	1	1	1	1	5	7	1
749	15	1	1	2	1	20	1
750	1	1	1	44	1	20	1
751	2	5	1	12	1	1	1
752	1	3	1	66	1	1	1
753	1	57	1	1	1	1	1
754	13	8	8	8	37	10	6
755	69	1	1	1	38	1	1
756	7	1	1	1	39	1	1
757	7	1	1	1	1	84	5
758	7	1	1	1	5	85	1
759	9	3	1	1	12	7	1
760	7	5	1	1	5	20	1
761	70	1	1	1	12	1	1
762	52	1	1	1	1	20	1
763	7	5	1	18	5	1	3
764	1	1	1	1	1	1	18
765	47	1	34	1	19	1	18
766	1	58	1	1	1	1	1
767	1	6	1	1	1	1	1
768	15	1	1	44	12	1	1
769	9	5	1	1	12	1	1
770	3	1	1	1	5	1	1
771	5	2	1	11	2	1	5
772	15	1	1	44	1	1	1
773	13	8	52	17	6	10	6
774	5	1	1	1	1	1	20
775	7	3	1	6	5	7	1
776	13	8	8	8	11	1	1
777	15	1	1	1	1	3	1
778	15	1	1	1	12	7	1
779	3	1	1	2	1	1	1
780	9	1	1	1	1	7	1
781	13	1	1	1	1	1	1
782	1	5	1	1	1	10	3
783	1	1	3	5	1	1	1
784	2	3	1	67	1	30	25
785	2	3	1	67	1	86	1
786	9	1	1	44	1	20	1
787	9	1	1	1	12	7	1
788	6	8	4	4	3	3	27
789	1	1	1	1	12	1	1
790	15	1	1	12	12	1	1
791	9	1	1	1	12	87	1
792	1	3	1	44	1	1	28
793	71	5	1	1	1	20	1
794	15	3	1	66	1	1	1
795	9	59	1	1	1	1	1
796	4	1	1	1	1	20	1
797	12	9	6	3	1	19	1
798	5	13	18	17	8	19	6
799	13	8	8	8	40	27	6
800	13	8	8	8	6	88	6
801	70	27	1	1	12	1	1
802	7	1	1	44	14	1	1
803	1	1	1	1	1	57	1
804	7	5	1	1	1	1	3
805	7	5	1	1	14	1	18
806	7	1	1	1	14	1	1
807	7	1	1	1	38	1	1
808	5	21	52	17	6	41	6
809	15	3	9	17	8	49	6
810	13	8	8	8	1	27	1
811	9	1	1	12	1	1	1
812	6	6	4	4	3	3	27
813	6	6	4	4	3	3	1
814	6	6	4	4	3	73	27
815	6	6	4	4	5	3	27
816	1	8	14	22	1	1	6
817	9	1	1	1	12	1	3
818	2	7	1	1	1	80	1
819	19	8	52	33	10	6	6
820	5	7	5	7	1	1	1
821	11	13	18	17	10	89	6
822	4	5	1	3	1	7	1
823	13	8	19	8	14	10	6
824	13	13	9	17	6	19	6
825	13	8	8	68	6	10	6
826	14	4	61	6	1	1	5
827	15	7	50	2	1	70	1
828	9	60	1	2	25	1	1
829	19	13	8	17	10	9	6
830	11	61	8	8	10	10	6
831	26	3	62	3	1	1	1
832	60	3	1	2	2	1	1
833	5	7	5	7	41	90	1
834	11	8	8	17	10	19	6
835	7	1	1	69	5	7	1
836	7	1	1	69	5	20	1
837	52	5	1	1	1	1	3
838	15	8	8	8	1	10	6
839	2	1	1	2	1	59	1
840	9	2	13	6	22	7	1
841	2	7	1	6	1	25	5
842	5	3	6	6	1	16	1
843	20	9	1	3	1	91	1
844	15	2	1	1	1	11	1
845	25	2	1	3	10	1	5
846	2	3	1	2	8	1	1
847	15	5	6	6	1	55	1
848	5	2	1	70	1	1	5
849	13	3	1	2	1	1	1
850	9	2	1	71	1	1	5
851	15	1	1	17	1	20	1
852	9	3	1	1	12	1	7
853	13	13	8	8	11	19	6
854	13	8	8	8	11	27	6
855	36	8	8	8	10	27	6
856	15	1	1	1	1	1	3
857	7	1	1	3	5	1	1
858	45	43	22	44	16	20	18
859	5	3	1	1	1	2	1
860	3	3	1	2	1	1	29
861	15	62	1	1	1	1	1
862	72	13	9	33	10	19	6
863	4	59	1	1	1	20	1
864	1	59	1	1	1	1	1
865	4	12	1	3	1	7	1
866	13	8	58	72	6	27	6
867	3	7	3	73	1	1	1
868	4	5	1	6	1	92	1
869	15	1	1	6	1	7	1
870	25	8	14	22	10	19	11
871	36	21	9	17	10	59	6
872	9	1	1	1	12	6	1
873	5	4	1	3	1	1	5
874	25	13	18	17	17	6	6
875	15	1	1	22	1	20	6
876	15	1	1	1	1	20	30
877	9	1	1	1	42	1	1
878	5	2	1	3	2	20	1
879	36	8	10	8	17	10	6
880	43	5	1	1	12	93	1
881	73	1	1	1	1	1	1
882	5	5	1	9	1	1	1
883	9	4	12	3	1	20	1
884	5	63	1	1	1	1	1
885	4	3	1	6	1	20	1
886	5	3	32	6	1	7	18
887	2	2	1	3	1	1	1
888	2	4	1	9	43	1	10
889	9	1	1	1	1	94	1
890	5	13	64	74	6	95	6
891	10	8	9	17	17	46	6
892	4	2	12	9	1	92	5
893	7	3	1	1	5	1	3
894	1	8	1	44	1	20	6
895	1	24	1	44	1	1	1
896	15	2	1	44	1	20	1
897	9	64	1	1	12	1	1
898	4	4	12	9	1	7	5
899	2	3	1	46	1	60	1
900	5	2	1	43	1	2	5
901	9	2	12	9	1	7	5
902	5	8	8	17	1	19	6
903	11	13	9	17	10	61	24
904	1	3	1	1	1	54	1
905	2	3	65	2	1	7	1
906	1	2	6	6	1	7	9
907	9	1	1	2	1	1	1
908	9	2	1	2	1	1	1
909	15	1	1	75	1	1	1
910	9	1	1	1	16	1	18
911	9	1	1	6	1	1	1
912	7	1	1	76	5	1	1
913	15	1	6	6	1	11	1
914	74	1	32	1	19	1	1
915	5	2	13	6	1	1	1
916	75	1	1	1	1	1	1
917	7	1	66	1	5	1	1
918	15	8	1	1	1	1	6
919	9	5	8	1	1	7	3
920	1	5	1	1	1	96	1
921	59	12	1	1	1	1	1
922	15	5	1	1	1	20	3
923	7	12	1	1	5	7	5
924	7	3	1	6	5	7	18
925	15	1	1	1	1	72	1
926	15	8	1	1	1	20	1
927	15	5	1	1	1	7	1
928	5	13	52	17	8	19	6
929	5	9	6	3	8	26	1
930	10	13	18	15	17	19	6
931	11	8	18	17	10	19	6
932	13	8	8	23	6	59	6
933	13	8	8	8	6	49	6
934	14	4	58	6	1	1	5
935	15	3	6	1	1	7	1
936	19	13	18	17	10	19	6
937	3	25	1	11	1	1	5
938	3	3	1	2	25	1	1
939	3	4	12	6	1	1	5
940	4	5	1	1	1	20	1
941	5	13	18	17	8	26	6
942	5	2	1	71	1	1	5
943	5	25	1	11	1	10	5
944	5	3	6	6	1	7	1
945	5	8	52	17	2	19	6
946	5	8	8	8	8	35	6
947	7	1	1	1	5	2	1
948	9	4	1	2	1	1	1
949	9	5	36	8	1	1	1
950	9	6	4	4	1	1	2
951	76	13	18	17	10	19	6
952	4	2	12	6	1	1	5
953	77	2	67	6	44	1	31
954	77	2	67	6	44	16	31
955	2	7	1	6	1	80	1
956	4	5	5	3	1	1	1
957	5	1	1	2	45	11	1
958	15	1	1	2	1	2	1
959	5	3	6	6	1	20	1
960	15	1	1	3	1	1	1
961	5	5	1	1	1	20	1
962	15	2	1	44	1	7	1
963	15	2	1	44	1	11	1
964	15	1	1	44	1	11	1
965	15	65	1	1	1	20	1
966	5	2	1	1	5	1	1
967	7	1	1	1	5	1	32
968	15	1	1	44	1	83	33
969	1	1	1	44	1	7	1
970	5	2	1	6	1	16	1
971	5	5	1	3	2	7	1
972	15	5	1	1	1	7	6
973	1	5	1	1	12	1	3
974	5	1	1	1	1	3	1
975	1	5	1	1	1	7	3
976	9	5	1	1	12	1	3
977	9	8	1	8	1	10	8
978	1	1	1	1	12	7	3
979	15	1	1	1	1	7	3
980	1	1	1	1	1	1	3
981	15	5	1	1	1	7	3
982	9	66	1	1	1	1	1
983	9	44	1	1	1	1	1
984	9	1	68	1	1	1	1
985	9	2	1	3	1	14	5
986	5	4	1	3	1	7	1
987	15	1	1	1	5	11	1
988	1	1	1	1	12	7	1
989	7	1	1	1	5	33	1
990	1	7	1	1	1	1	1
991	15	5	1	47	1	1	1
992	9	1	1	1	12	20	1
993	5	1	13	2	1	1	1
994	78	8	8	8	6	10	6
995	8	4	1	9	1	1	5
996	15	1	1	1	1	1	34
997	15	1	1	1	15	1	1
998	15	67	1	1	1	1	1
999	79	1	1	1	1	1	1
1000	1	3	32	1	14	1	23
1001	15	59	1	1	1	20	1
1002	80	1	1	1	1	20	1
1003	1	1	1	1	1	1	31
1004	13	8	52	23	6	27	35
1005	15	1	1	1	1	20	36
1006	3	3	1	2	1	1	37
1007	9	3	1	2	12	1	1
1008	5	3	6	6	1	97	1
1009	4	3	1	2	1	92	1
1010	4	68	1	6	1	7	1
1011	9	5	1	9	1	19	1
1012	9	1	1	77	1	1	1
1013	1	3	1	1	12	1	1
1014	15	1	1	1	1	61	1
1015	15	1	1	1	1	8	1
1016	7	4	1	6	5	33	1
1017	5	5	12	12	1	1	1
1018	5	3	69	1	1	1	1
1019	47	1	1	1	19	1	18
1020	5	69	12	78	1	1	1
1021	1	1	1	1	1	10	1
1022	15	49	1	1	1	1	1
1023	5	1	1	53	2	7	1
1024	74	1	33	1	14	10	18
1025	13	8	9	17	6	10	6
1026	15	5	1	1	12	1	3
1027	2	2	12	2	1	1	1
1028	2	1	1	2	1	11	1
1029	9	3	1	1	5	1	1
1030	7	27	1	1	1	1	1
1031	9	33	36	8	2	49	6
1032	9	1	1	44	12	1	1
1033	5	8	8	8	8	26	6
1034	9	4	12	9	1	7	5
1035	25	4	10	6	10	73	5
1036	11	13	9	17	10	19	6
1037	3	3	70	2	1	1	1
1038	1	1	1	1	1	1	38
1039	15	1	1	1	1	98	1
1040	7	3	71	1	5	1	1
1041	13	71	8	23	6	10	6
1042	1	72	1	1	1	1	1
1043	7	73	1	1	5	1	1
1044	11	70	58	8	10	10	6
1045	51	2	12	9	1	1	5
1046	3	7	5	7	1	1	1
1047	27	3	25	2	1	12	1
1048	8	74	12	6	1	1	5
1049	7	1	1	1	5	1	39
1050	1	1	1	1	46	1	1
1051	5	13	18	15	8	19	6
1052	13	8	52	22	6	27	6
1053	7	75	1	1	5	1	1
1054	9	3	1	2	2	1	1
1055	5	13	9	15	8	19	6
1056	15	2	1	1	1	1	1
1057	7	1	1	44	5	1	32
1058	2	76	2	2	1	1	1
1059	81	1	1	2	1	1	1
1060	67	54	14	80	36	99	6
1061	1	1	1	1	1	2	1
1062	1	1	1	1	1	7	3
1063	1	1	1	1	12	33	1
1064	1	1	1	1	12	2	1
1065	1	1	1	1	14	1	1
1066	1	1	47	1	1	1	1
1067	1	5	1	1	12	7	1
1068	7	1	1	1	1	1	3
1069	7	5	1	1	1	7	3
1070	15	1	1	1	12	1	3
1071	15	1	1	1	12	2	1
1072	15	1	1	1	12	33	1
1073	15	1	1	1	33	7	3
1074	15	5	1	1	5	7	3
1075	15	5	1	1	12	7	1
1076	15	5	1	1	12	7	3
1077	15	5	1	1	19	1	1
1078	38	1	1	1	19	1	1
1079	11	8	52	23	10	27	6
1080	4	3	1	1	1	20	1
1081	2	9	72	7	22	100	1
1082	2	9	1	7	22	100	1
1083	20	77	6	81	1	101	1
1084	62	9	1	7	1	1	1
1085	7	3	1	18	1	1	3
1086	5	8	9	17	8	19	6
1087	36	21	9	17	17	41	6
1088	15	78	1	1	1	20	1
1089	9	1	1	1	1	1	5
1090	5	4	1	1	2	1	8
1091	5	2	1	3	1	16	1
1092	6	6	4	4	3	19	2
1093	5	1	1	3	1	16	1
1094	5	5	1	1	1	1	1
1095	2	2	1	3	1	36	1
1096	9	4	12	6	2	2	5
1097	4	2	12	3	1	20	5
1098	5	3	5	6	1	7	1
1099	5	2	1	6	2	7	1
1100	5	3	69	6	1	1	1
1101	36	21	9	17	17	6	6
1102	5	13	18	17	8	35	6
1103	11	13	9	17	10	9	6
1104	13	8	8	8	17	27	6
1105	25	13	52	17	10	26	6
1106	82	3	1	2	1	1	1
1107	83	8	8	82	6	49	6
1108	84	8	8	8	6	59	6
1109	5	79	6	6	1	1	1
1110	36	21	9	17	47	102	6
1111	36	45	9	17	17	103	26
1112	7	1	1	69	38	1	1
1113	85	1	1	1	1	1	1
1114	15	1	1	44	1	104	1
1115	86	1	1	1	1	1	1
1116	10	13	9	15	17	19	6
1117	15	1	73	1	1	20	1
1118	11	13	9	17	10	105	40
1119	1	80	1	1	1	1	1
1120	2	50	1	3	1	7	41
1121	3	3	1	83	1	1	1
1122	5	2	1	6	1	1	5
1123	13	13	8	8	6	27	6
1124	11	13	9	84	17	106	6
1125	5	2	1	43	1	1	5
1126	4	5	8	3	1	1	1
1127	2	3	5	7	1	1	1
1128	4	2	12	9	1	20	1
1129	28	2	1	9	2	20	5
1130	18	5	9	6	1	1	5
1131	21	2	1	9	1	20	5
1132	4	2	1	9	1	108	5
1133	5	2	12	9	1	63	5
1134	4	2	12	12	1	1	5
1135	13	8	8	8	6	109	6
1136	13	8	8	8	6	64	6
1137	11	13	9	15	17	19	6
1138	36	45	8	8	11	27	26
1139	3	3	1	2	1	110	1
1140	2	1	1	2	4	11	1
1141	21	2	12	9	1	2	5
1142	87	2	1	6	1	16	1
1143	5	2	1	3	1	7	42
1144	4	3	40	3	1	1	1
1145	5	4	1	1	48	1	8
1146	21	2	12	3	1	20	5
1147	18	2	12	6	1	1	1
1148	88	5	6	6	1	55	1
1149	15	1	6	6	12	7	1
1150	4	2	1	6	1	1	5
1151	5	5	6	6	1	111	1
1152	15	3	6	6	1	11	1
1153	14	7	74	3	1	1	1
1154	49	2	31	24	3	17	27
1155	27	29	11	21	4	2	1
1156	6	81	14	85	49	112	6
1157	89	6	4	4	1	39	2
1158	6	15	1	6	1	1	1
1159	3	6	1	2	1	1	1
1160	5	2	24	6	1	7	1
1161	5	2	1	2	1	7	1
1162	4	2	1	86	1	7	5
1163	3	7	1	2	1	1	1
1164	1	7	5	7	1	39	1
1165	3	8	8	2	1	59	6
1166	1	9	2	1	1	32	7
1167	1	9	2	1	7	6	20
1168	1	9	2	1	7	6	39
1169	5	9	12	1	1	3	20
1170	1	9	2	1	13	6	20
1171	5	9	4	1	1	6	7
1172	3	3	2	2	22	1	1
1173	7	5	1	1	5	7	3
1174	4	5	1	3	1	63	1
1175	19	13	52	37	6	19	6
1176	5	2	12	9	1	20	5
1177	7	1	1	1	5	113	1
1178	13	8	8	8	6	114	6
1179	5	13	75	17	8	6	6
1180	9	82	1	1	1	1	1
1181	7	1	1	1	1	11	43
1182	13	8	8	8	6	107	44
1183	1	12	1	1	1	1	45
1184	9	1	1	1	50	1	1
1185	15	83	1	1	1	7	1
1186	9	1	76	1	12	1	1
1187	9	7	1	1	1	1	1
1188	25	70	58	8	10	19	6
1189	3	10	36	87	51	1	1
1190	2	2	77	88	1	1	5
1191	13	8	18	15	6	40	6
1192	5	13	9	17	8	19	6
1193	9	1	1	2	1	115	1
1194	9	4	1	6	21	7	5
1195	9	84	1	1	12	1	1
1196	9	1	78	1	12	1	1
1197	90	1	1	1	12	1	1
1198	9	85	1	1	12	1	1
1199	91	1	1	1	1	1	1
1200	9	86	1	1	1	1	1
1201	9	63	1	1	1	1	1
1202	5	8	52	17	2	26	6
1203	5	3	2	2	1	1	1
1204	3	3	1	7	1	1	1
1205	24	8	8	8	2	27	6
1206	24	13	8	8	2	10	6
1207	3	3	65	2	1	1	1
1208	2	3	1	2	4	4	1
1209	2	2	79	88	1	1	5
1210	9	3	1	89	1	1	1
1211	9	3	1	2	1	1	46
1212	40	4	1	9	1	116	5
1213	1	40	12	3	1	1	1
1214	92	3	12	2	1	1	1
1215	93	25	1	11	1	14	15
1216	94	2	6	3	1	117	1
1217	7	1	1	90	5	2	1
1218	13	8	80	8	11	10	6
1219	25	13	81	15	10	119	6
1220	9	87	1	1	12	1	1
1221	95	13	9	17	10	19	6
1222	15	2	1	6	1	1	1
1223	12	7	5	7	1	10	1
1224	3	2	1	3	1	1	1
1225	2	2	6	6	1	36	1
1226	5	4	12	6	2	1	8
1227	5	5	1	1	1	7	1
1228	5	1	1	1	1	2	1
1229	5	2	1	12	1	20	5
1230	5	2	6	3	1	36	1
1231	3	23	1	6	1	42	1
1232	26	7	5	7	1	1	1
1233	9	5	1	12	1	1	1
1234	3	3	49	2	1	1	1
1235	15	2	1	12	1	1	5
1236	5	40	12	3	1	1	1
1237	5	5	12	6	1	1	5
1238	13	8	8	59	6	59	6
1239	21	4	12	6	1	20	5
1240	5	5	1	3	2	62	1
1241	5	5	40	3	1	7	1
1242	9	5	1	3	2	1	1
1243	9	2	6	32	1	7	1
1244	36	8	8	23	17	27	15
1245	3	5	1	12	1	1	1
1246	7	2	6	6	1	7	1
1247	5	2	1	91	2	7	1
1248	5	5	1	3	1	111	1
1249	5	2	1	3	1	7	47
1250	2	3	1	2	1	118	1
1251	9	2	1	6	1	120	1
1252	96	3	1	14	2	2	1
1253	3	31	1	92	1	45	1
1254	97	2	6	6	1	16	1
1255	25	8	52	17	10	26	6
1256	2	88	1	3	1	117	1
1257	2	89	1	14	1	1	1
1258	11	8	8	17	10	121	6
1259	5	5	1	1	1	111	1
1260	4	5	1	93	1	20	1
1261	36	8	10	23	17	28	6
1262	7	1	6	6	5	1	1
1263	7	1	1	1	5	59	1
1264	15	1	1	1	12	7	3
1265	9	1	1	1	1	1	48
1266	5	4	6	6	1	122	1
1267	98	1	1	1	1	1	1
1268	83	8	8	94	6	49	6
1269	5	2	1	9	52	1	5
1270	99	3	32	2	1	1	31
1271	99	1	1	1	1	11	1
1272	16	5	1	3	2	1	1
1273	15	1	82	1	1	20	1
1274	3	1	1	1	1	11	1
1275	25	13	18	15	10	19	40
1276	2	7	3	3	1	39	1
1277	40	4	1	9	1	1	5
1278	36	13	9	17	17	19	49
1279	100	90	52	17	8	102	6
1280	1	1	1	1	12	27	5
1281	9	91	1	1	1	1	1
1282	7	1	1	1	5	11	1
1283	9	1	1	95	5	1	1
1284	13	61	8	96	11	10	6
1285	5	2	6	3	2	41	5
1286	7	2	1	3	5	1	1
1287	5	3	6	6	2	33	1
1288	9	12	1	3	1	1	5
1289	9	12	1	6	1	7	5
1290	2	5	1	3	1	7	1
1291	5	12	83	6	1	1	5
1292	5	8	4	12	1	1	9
1293	5	8	4	12	1	123	9
1294	5	8	4	12	53	124	9
1295	5	8	4	12	53	1	6
1296	15	64	1	1	1	20	1
1297	101	1	1	1	1	20	1
1298	15	1	84	1	1	20	1
1299	9	1	1	97	12	1	1
1300	102	1	1	1	12	1	1
1301	9	92	1	1	12	1	1
1302	9	93	1	1	1	1	1
1303	7	1	1	1	14	84	5
1304	3	1	1	1	5	1	5
1305	7	1	1	1	5	7	5
1306	3	1	19	1	14	1	1
1307	10	8	8	2	17	41	6
1308	15	4	12	7	1	1	5
1309	40	4	12	9	5	1	5
1310	8	8	8	23	5	27	15
1311	5	4	12	9	2	1	5
1312	13	4	8	8	6	27	5
1313	7	1	1	1	5	1	50
1314	1	3	1	44	1	1	51
1315	1	3	1	44	1	94	51
1316	25	13	18	17	17	6	53
1317	9	21	18	23	6	125	6
1318	36	45	9	17	17	19	52
1319	103	5	1	3	5	10	6
1320	104	4	1	9	1	20	5
1321	5	1	1	1	12	27	1
1322	1	1	1	5	12	1	1
1323	9	4	1	1	1	1	1
1324	5	3	1	2	2	7	1
1325	9	1	1	1	12	4	1
1326	15	3	1	1	1	11	1
1327	15	38	1	1	1	20	1
1328	9	38	41	1	12	1	1
1329	9	1	22	1	14	1	1
1330	9	1	1	1	12	117	1
1331	9	1	1	98	12	1	1
1332	14	4	10	6	1	1	5
1333	15	1	1	1	12	20	1
1334	105	1	1	1	1	1	1
1335	1	1	1	1	1	126	1
1336	9	1	1	1	12	1	28
1337	3	1	85	1	14	1	1
1338	47	1	72	1	12	1	31
1339	70	92	1	1	12	123	1
1340	70	92	1	1	12	1	1
1341	75	12	24	2	1	59	5
1342	52	12	6	2	1	59	5
1343	52	2	6	2	1	59	5
1344	9	2	1	2	1	7	5
1345	9	12	24	2	1	7	5
1346	9	12	1	2	1	7	5
1347	52	12	1	2	1	7	5
1348	9	12	1	2	1	59	5
1349	7	1	1	44	5	7	1
1350	9	95	1	1	12	1	1
1351	9	94	1	1	1	1	1
1352	9	1	86	1	1	1	1
1353	9	1	1	95	12	1	1
1354	52	2	1	1	1	1	1
1355	98	89	1	2	1	123	37
1356	27	33	18	17	8	35	6
1357	13	61	8	8	40	10	6
1358	96	89	17	2	10	123	1
1359	2	89	1	2	4	4	1
1360	47	81	6	3	1	41	1
1361	51	5	42	3	1	7	1
1362	80	61	8	8	11	10	49
1363	13	61	8	8	11	27	6
1364	11	21	52	2	10	102	6
1365	80	61	8	23	6	10	11
1366	86	89	50	2	50	70	1
1367	27	89	37	2	1	123	1
1368	6	6	37	4	3	3	2
1369	95	21	18	17	40	19	6
1370	98	61	8	8	11	89	6
1371	36	45	9	2	17	89	26
1372	36	89	47	2	1	123	1
1373	98	61	14	8	3	10	49
1374	80	61	8	2	11	10	6
1375	98	89	1	2	1	123	15
1376	98	89	2	17	1	123	1
1377	98	13	18	17	8	19	6
1378	11	21	18	2	10	19	6
1379	82	89	42	8	1	123	1
1380	9	1	1	1	12	27	1
1381	36	8	8	23	1	27	15
1382	2	1	1	1	4	27	1
1383	1	97	1	1	1	1	1
1384	9	3	1	3	54	1	1
1385	9	96	1	1	1	1	1
1386	4	9	6	3	1	20	1
1387	13	8	8	8	9	10	6
1388	8	38	8	8	39	10	16
1389	25	8	8	8	39	10	15
1390	7	1	1	1	5	127	1
1391	7	1	1	1	5	128	1
1392	11	1	1	1	1	7	1
1393	5	5	1	44	1	1	1
1394	1	1	1	1	1	129	1
1395	9	7	1	1	12	1	1
1396	5	1	1	6	1	7	1
1397	1	1	1	1	2	130	1
1398	1	98	1	1	1	130	1
1399	1	3	3	1	1	32	2
1400	1	5	3	6	2	2	9
1401	1	9	1	1	2	2	2
1402	1	14	3	1	1	1	6
1403	1	14	5	1	1	1	12
1404	1	15	1	1	16	7	1
1405	1	15	3	1	1	1	44
1406	1	43	5	1	1	1	1
1407	2	13	6	4	11	10	4
1408	5	5	2	8	1	1	9
1409	5	7	12	1	5	1	1
1410	5	21	2	12	1	1	6
1411	5	40	4	1	1	116	6
1412	6	11	8	8	10	27	8
1413	6	13	8	8	11	27	23
1414	6	13	13	8	6	40	8
1415	6	13	13	8	6	109	8
1416	6	13	13	8	10	27	8
1417	6	13	13	8	11	10	8
1418	6	36	8	9	20	19	17
1419	1	2	3	1	1	20	1
1420	6	9	70	36	6	46	8
1421	1	1	1	1	1	0	1
1422	1	1	1	1	12	0	1
1423	4	1	1	1	1	0	1
1424	9	1	1	1	12	0	1
1425	4	1	1	1	12	0	1
1426	1	1	1	95	1	1	1
1427	1	99	1	1	1	130	1
1428	4	1	1	1	1	92	1
1429	106	1	1	1	1	20	1
1430	15	1	1	1	1	20	54
1431	7	100	1	1	5	1	1
1432	4	5	59	3	1	7	1
1433	12	81	6	3	1	41	1
1434	9	3	17	2	1	1	1
1435	11	13	18	17	8	19	6
1436	5	8	36	8	8	27	6
1437	25	8	14	22	10	26	6
1438	11	13	9	17	10	102	6
1439	13	8	14	8	3	125	6
1440	11	13	9	33	10	19	6
1441	5	33	18	17	8	35	6
1442	36	45	9	17	17	19	26
1443	11	13	9	17	10	6	6
1444	3	46	1	6	1	7	1
1445	13	8	10	23	6	59	6
1446	11	13	18	15	10	19	6
1447	36	13	9	15	17	19	6
1448	5	4	1	6	1	1	8
1449	40	4	12	9	1	116	5
1450	25	8	8	8	55	10	6
1451	36	13	9	17	56	19	6
1452	25	8	52	17	10	131	6
1453	40	4	1	6	1	116	5
1454	9	1	1	1	12	132	1
1455	9	1	1	1	12	133	1
1456	36	45	9	17	57	19	26
1457	11	13	18	99	10	41	6
1458	11	13	9	100	10	134	6
1459	13	8	8	8	6	135	6
1460	7	101	1	1	5	1	1
1461	12	7	5	7	1	136	1
1462	2	3	1	2	58	1	1
1463	9	1	1	1	4	14	1
1464	70	1	38	29	12	14	1
1465	9	1	1	1	1	137	1
1466	9	1	1	1	59	7	1
1467	7	1	8	1	5	1	1
1468	1	32	1	1	1	1	1
1469	1	98	1	44	1	1	1
1470	1	47	1	1	1	1	1
1471	1	1	1	1	1	130	1
1472	1	13	1	1	1	1	1
1473	1	1	1	44	1	130	1
1474	15	64	1	44	1	20	1
1475	8	8	8	8	39	10	16
1476	15	8	1	1	1	61	1
1477	7	2	1	1	1	0	1
1478	9	1	1	1	1	0	1
1479	65	3	1	14	1	1	1
1480	2	3	1	6	61	80	1
1481	7	1	1	102	5	1	1
1482	1	102	1	1	1	7	1
1483	15	1	1	103	60	7	1
1484	108	8	52	17	2	26	6
1485	25	13	87	17	10	19	6
1486	9	64	1	1	1	1	1
1487	15	1	1	1	62	20	1
1488	4	3	1	1	1	0	1
1489	15	1	1	1	1	0	1
1490	83	8	8	8	2	27	6
1491	5	2	1	11	2	14	5
1492	14	40	12	3	1	27	1
1493	83	8	8	22	2	1	6
1494	15	1	1	1	12	0	1
1495	2	3	1	1	1	20	1
1496	9	26	1	1	1	1	1
1497	15	1	1	69	1	20	1
1498	9	2	24	6	1	1	5
1499	9	1	88	1	1	7	1
1500	13	16	8	16	11	138	6
1501	9	103	1	1	1	1	1
1502	51	2	12	9	1	14	5
1503	2	3	1	1	39	20	1
1504	5	3	1	3	1	1	1
1505	25	13	18	15	10	119	6
1506	51	5	1	3	63	1	1
1507	51	5	8	3	1	1	1
1508	4	5	1	3	1	19	1
1509	51	5	1	3	1	1	1
1510	7	4	1	1	5	1	8
1511	111	1	1	1	12	1	1
1512	4	5	1	3	1	139	1
1513	36	8	8	8	17	140	6
1514	5	8	14	22	8	27	6
1515	2	89	1	2	1	123	1
1516	7	1	1	44	5	20	1
1517	113	3	1	44	1	20	1
1518	9	1	1	1	1	141	1
1519	12	2	1	105	64	25	1
1520	13	8	10	104	6	28	11
1521	1	104	1	1	1	1	1
1522	5	1	1	1	1	130	1
1523	7	1	1	1	5	130	1
1524	7	105	1	1	65	1	1
1525	7	2	1	44	5	1	1
1526	1	3	1	6	1	1	1
1527	12	9	6	3	1	41	1
1528	14	4	10	6	1	26	5
1529	5	8	52	17	8	26	6
1530	9	2	1	9	1	20	5
1531	3	3	6	6	1	7	1
1532	5	3	1	2	8	1	1
1533	5	3	1	2	1	27	1
1534	5	2	8	9	1	1	5
1535	57	4	12	9	1	63	8
1536	9	1	1	1	12	2	1
1537	11	13	8	17	10	19	6
1538	15	2	1	9	1	1	5
1539	19	8	52	33	8	6	6
1540	24	8	8	8	2	10	6
1541	25	13	18	15	17	41	6
1542	3	34	3	6	1	24	1
1543	4	1	1	1	12	20	1
1544	5	12	12	6	2	1	5
1545	7	1	1	1	5	0	1
1546	7	1	1	1	5	7	6
1547	9	3	1	2	6	1	1
1548	2	3	1	106	1	1	1
1549	5	13	9	108	8	0	6
1550	11	8	8	109	10	19	6
1551	1	1	1	110	1	1	1
1552	13	8	8	23	6	10	56
1553	1	1	1	1	1	0	57
1554	114	1	1	6	1	11	1
1555	115	8	14	22	8	73	6
1556	109	108	8	111	68	27	6
1557	116	1	1	1	1	20	1
1558	1	106	1	1	1	0	1
1559	9	107	1	1	12	0	1
1560	13	8	90	8	11	40	6
1561	15	1	1	1	66	20	1
1562	3	3	12	2	1	143	1
1563	15	1	1	1	1	144	1
1564	13	8	8	107	6	10	6
1565	13	8	91	23	6	27	6
1566	1	1	1	1	1	142	1
1567	20	9	6	3	1	145	1
1568	117	1	1	1	10	19	1
1569	1	1	1	1	1	3	1
1570	4	1	1	1	1	1	58
1571	5	13	9	108	8	19	6
1572	15	1	1	1	1	114	1
1573	53	40	47	13	38	28	29
1574	2	89	72	2	1	1	1
1575	13	61	8	8	6	88	6
1576	9	12	24	3	1	1	5
1577	9	2	1	3	1	1	5
1578	9	1	5	1	1	1	1
1579	1	2	1	66	1	1	1
1580	24	8	8	23	2	19	11
1581	9	67	1	1	12	1	1
1582	1	1	1	1	1	14	1
1583	14	14	10	20	17	7	10
1584	9	12	1	3	1	33	1
1585	7	67	1	1	5	7	1
1586	7	1	1	1	5	16	1
1587	9	1	1	1	1	27	1
1588	15	1	1	1	1	145	1
1589	117	5	1	3	1	20	1
1590	119	1	1	1	1	1	1
1591	9	63	1	1	12	1	1
1592	9	1	1	1	1	1	60
1593	37	38	19	37	17	11	26
1594	9	1	92	1	12	1	1
1595	15	1	1	112	1	7	1
1596	4	110	1	3	1	62	1
1597	118	1	1	1	1	7	1
1598	9	1	1	1	1	7	61
1599	109	61	8	72	11	14	15
1600	2	2	1	9	1	20	5
1601	4	2	1	6	1	36	1
1602	5	68	1	6	1	7	1
1603	14	14	10	14	17	7	10
1604	12	5	1	6	1	4	1
1605	5	2	1	6	1	6	1
1606	9	92	1	1	1	7	1
1607	5	7	5	7	1	116	1
1608	9	2	7	6	7	8	1
1609	3	1	1	1	1	58	1
1610	5	5	1	3	41	1	1
1611	5	2	6	3	1	16	1
1612	1	1	1	1	5	0	1
1613	10	11	4	8	8	8	2
1614	95	61	8	8	10	10	6
1615	13	3	1	2	6	27	1
1616	11	13	9	17	10	46	6
1617	13	13	52	23	6	27	6
1618	13	61	8	23	17	27	11
1619	25	61	8	8	10	10	6
1620	5	13	18	22	6	26	6
1621	13	8	18	17	6	10	6
1622	8	61	8	23	1	27	15
1623	9	1	1	2	12	1	1
1624	1	1	1	1	1	1	62
1625	9	5	1	8	1	20	1
1626	15	87	1	1	1	1	1
1627	15	4	1	44	1	11	8
1628	14	3	1	2	1	1	1
1629	9	3	6	53	1	1	1
1630	4	5	1	3	1	92	1
1631	15	4	1	7	1	90	5
1632	13	8	8	8	6	2	6
1633	1	111	1	1	1	0	1
1634	5	3	1	14	1	146	1
1635	2	46	3	6	1	147	59
1636	5	3	1	6	1	16	1
1637	8	8	8	23	11	10	15
1638	3	8	8	8	1	59	6
1639	5	109	12	3	1	1	8
1640	5	2	1	9	2	1	6
1641	9	5	1	113	1	1	1
1642	116	7	1	1	12	1	1
1643	9	1	1	1	12	143	1
1644	1	1	1	1	1	143	3
1645	3	1	1	1	12	143	1
1646	9	1	1	1	12	1	46
1647	70	1	1	1	12	1	47
1648	7	3	1	1	1	4	3
1649	7	3	1	1	12	1	6
1650	7	1	1	1	1	94	1
1651	9	1	1	1	1	143	1
1652	1	1	1	1	12	1	6
1653	9	1	1	1	12	133	43
1654	7	92	1	1	1	84	5
1655	120	3	1	1	1	1	6
1656	13	8	8	8	6	10	63
1657	2	3	1	2	1	7	1
1658	4	5	5	3	1	2	1
1659	4	5	1	114	1	20	1
1660	9	5	1	3	1	1	5
1661	9	92	1	1	12	123	1
1662	13	3	8	8	6	27	6
1663	3	2	1	9	1	148	64
1664	13	8	8	115	6	149	6
1665	13	8	8	8	6	150	6
1666	15	1	1	1	69	1	1
1667	5	1	1	2	2	2	1
1668	78	8	8	8	11	27	6
1669	24	8	8	23	2	10	11
1670	121	8	10	23	6	28	11
1671	13	8	8	8	6	10	65
1672	13	8	8	23	6	10	6
1673	122	5	93	3	1	151	1
1674	123	8	10	23	6	28	11
1675	5	2	12	116	1	1	5
1676	57	4	8	3	1	2	5
1677	9	1	1	1	39	1	1
1678	2	46	1	6	1	30	1
1679	4	4	6	53	2	7	1
1680	2	3	1	6	1	30	1
1681	2	4	6	6	1	11	1
1682	9	2	1	6	1	8	1
1683	7	1	1	2	5	20	1
1684	25	8	8	17	10	52	6
1685	4	2	1	3	1	20	5
1686	9	3	1	1	12	143	1
1687	70	1	1	1	1	143	1
1688	98	1	22	1	19	4	8
1689	98	1	22	1	19	143	8
1690	98	1	22	1	12	143	18
1691	70	1	32	1	5	7	8
1692	5	1	1	1	12	20	1
1693	9	1	1	1	5	7	1
1694	11	67	9	17	10	46	6
1695	13	8	8	8	2	10	6
1696	13	8	52	23	6	27	6
1697	9	67	1	2	1	1	1
1698	9	2	24	6	1	7	1
1699	9	2	24	3	1	1	5
1700	5	3	6	6	1	152	1
1701	4	2	1	6	1	41	1
1702	15	1	1	1	1	153	1
1703	1	1	1	1	70	20	1
1704	2	2	24	3	1	7	1
1705	5	2	6	32	1	1	1
1706	9	2	7	6	4	7	1
1707	2	3	1	6	1	154	1
1708	2	3	94	14	1	155	25
1709	5	3	1	3	1	7	1
1710	13	13	8	17	6	19	6
1711	5	8	8	17	10	117	6
1712	9	3	12	9	1	39	1
1713	5	3	12	9	1	1	1
1714	21	2	12	6	1	1	5
1715	5	2	12	9	1	92	5
1716	9	40	12	3	1	63	1
1717	5	3	12	2	1	39	1
1718	5	2	1	9	1	92	5
1719	11	13	9	17	10	26	6
1720	5	8	8	17	10	34	6
1721	5	8	12	17	1	19	6
1722	2	2	6	6	1	41	1
1723	36	13	9	17	56	19	40
1724	2	8	8	17	1	19	6
1725	11	13	9	17	10	19	40
1726	9	5	1	3	1	62	1
1727	9	113	1	1	1	1	1
1728	5	3	1	2	1	156	1
1729	15	3	12	9	1	157	1
1730	125	8	36	8	6	49	6
1731	1	1	1	1	71	1	1
1732	9	40	12	118	25	1	1
1733	5	3	12	2	1	158	1
1734	15	114	12	9	1	63	5
1735	4	5	12	3	1	159	1
1736	5	3	1	120	1	63	66
1737	9	115	1	1	1	1	1
1738	3	3	95	2	1	1	1
1739	15	3	12	119	1	39	1
1740	5	3	40	3	1	7	1
1741	3	3	1	1	1	7	1
1742	7	1	1	18	12	1	1
1743	4	1	1	1	12	1	1
1744	2	3	5	6	1	154	1
1745	9	1	1	1	10	1	1
1746	9	1	1	1	4	4	1
1747	38	8	14	62	2	27	6
1748	1	1	1	1	1	161	1
1749	5	2	1	3	2	160	1
1750	3	3	1	121	1	1	1
1751	3	3	1	2	1	1	67
1752	126	46	1	6	1	162	1
1753	5	12	1	3	1	1	5
1754	5	8	8	8	72	19	6
1755	4	5	1	3	1	159	1
1756	9	3	6	6	1	7	1
1757	25	13	18	17	17	6	68
1758	10	13	9	17	17	19	69
1759	127	116	96	122	3	163	70
1760	25	8	14	22	10	19	70
1761	36	13	18	15	56	19	6
1762	13	8	8	23	6	149	6
1763	5	8	8	17	10	55	6
1764	129	13	18	17	10	46	6
1765	24	8	9	123	2	19	6
1766	7	1	1	1	74	1	1
1767	5	4	1	6	1	2	8
1768	9	1	1	3	1	16	1
1769	2	1	1	30	1	58	1
1770	2	7	5	7	1	165	1
1771	2	7	5	7	1	165	43
1772	2	7	5	7	19	1	1
1773	2	2	6	6	39	149	1
1774	2	2	6	6	1	149	1
1775	2	50	1	3	1	152	1
1776	2	1	1	2	1	165	1
1777	2	89	1	2	1	165	1
1778	2	3	1	2	1	6	1
1779	2	3	1	2	1	165	1
1780	3	3	1	2	1	165	1
1781	3	89	1	2	1	165	1
1782	4	5	1	3	1	152	1
1783	4	5	1	3	1	3	1
1784	4	5	1	3	1	92	5
1785	4	89	1	2	1	1	1
1786	4	5	1	1	1	92	5
1787	4	89	1	1	1	165	1
1788	5	13	9	17	10	19	6
1789	5	2	1	3	1	165	5
1790	7	3	1	6	5	165	1
1791	7	3	1	6	74	165	1
1792	7	3	1	6	3	1	1
1793	7	89	1	6	74	165	1
1794	7	1	6	6	74	152	1
1795	10	90	52	17	17	149	6
1796	10	91	52	17	17	102	6
1797	10	9	1	3	17	102	1
1798	11	13	59	17	10	26	6
1799	13	61	8	23	6	149	6
1800	13	61	8	23	6	13	6
1801	13	61	8	17	11	27	6
1802	13	61	8	8	6	51	6
1803	13	61	8	8	6	27	6
1804	13	61	8	8	19	10	6
1805	13	61	58	8	6	10	6
1806	14	61	8	8	10	10	1
1807	14	5	1	3	1	165	1
1808	19	61	52	33	10	6	6
1809	19	13	9	17	10	6	6
1810	25	13	18	15	10	19	6
1811	25	61	5	8	10	10	6
1812	34	3	1	2	1	165	12
1813	36	61	8	17	20	9	6
1814	36	61	9	17	17	19	6
1815	38	4	12	9	2	165	15
1816	120	3	1	6	74	165	1
1817	129	13	18	17	10	19	6
1818	5	2	8	3	1	1	5
1819	5	5	1	3	1	62	1
1820	4	4	1	3	1	1	5
1821	9	1	66	1	12	1	1
1822	15	1	24	1	1	1	1
1823	2	1	1	2	1	59	71
1824	9	63	1	1	1	0	1
1825	47	1	32	1	14	1	23
1826	6	6	4	4	3	7	27
1827	2	5	3	5	4	1	1
1828	7	7	66	1	5	1	1
1829	8	4	12	9	1	123	5
1830	8	4	12	9	53	124	5
1831	8	4	12	6	53	1	5
1832	4	5	1	9	1	19	1
1833	15	8	8	17	10	19	6
1834	1	64	1	1	1	1	1
1835	2	34	6	7	1	165	1
1836	10	13	9	17	56	41	6
1837	13	61	8	8	6	10	6
1838	11	13	32	17	10	19	6
1839	15	1	1	44	12	7	1
1840	130	8	8	8	6	49	6
1841	7	1	8	8	5	1	1
1842	9	67	1	1	75	1	1
1843	9	118	1	1	12	1	1
1844	9	1	1	1	1	167	1
1845	9	1	1	124	12	1	1
1846	5	4	1	6	2	1	8
1847	4	4	1	6	1	20	5
1848	9	5	12	3	1	1	5
1849	9	5	1	6	1	1	1
1850	15	1	1	1	1	165	1
1851	15	92	1	1	1	165	1
1852	15	92	1	1	1	1	1
1853	35	4	1	9	2	20	5
1854	35	4	92	9	2	20	5
1855	9	121	1	1	1	1	1
1856	11	8	9	17	10	102	6
1857	5	1	1	2	1	165	1
1858	2	3	1	2	1	165	7
1859	2	89	1	2	1	165	7
1860	36	13	9	17	10	9	6
1861	5	5	1	3	6	165	5
1862	124	13	18	117	10	41	14
1863	5	3	6	6	6	1	1
1864	21	2	1	6	1	20	5
1865	9	3	6	6	2	1	1
1866	5	2	1	6	1	36	1
1867	15	5	5	6	1	55	1
1868	5	2	8	9	1	20	5
1869	9	2	1	128	1	1	1
1870	4	2	6	6	1	1	1
1871	2	4	1	2	1	1	1
1872	89	5	93	3	56	165	74
1873	13	8	99	8	6	51	6
1874	15	89	50	2	1	70	1
1875	5	2	1	3	1	165	1
1876	25	8	8	8	10	22	6
1877	25	8	8	8	10	51	6
1878	13	8	8	23	11	27	6
1879	10	45	8	17	17	41	26
1880	11	61	8	8	10	8	6
1881	5	3	6	6	1	165	1
1882	2	3	55	2	1	165	1
1883	25	13	9	15	10	19	77
1884	5	12	1	3	1	111	1
1885	9	1	1	1	1	2	1
1886	9	1	1	1	1	6	1
1887	5	1	1	1	12	7	1
1888	9	92	1	1	1	94	1
1889	9	92	1	1	1	92	1
1890	9	75	1	1	1	94	1
1891	9	1	102	1	12	1	1
1892	9	1	1	1	75	1	1
1893	9	2	1	44	1	1	1
1894	35	3	25	2	78	1	1
1895	74	1	1	1	1	1	1
1896	74	1	1	1	2	51	1
1897	74	1	1	1	12	1	1
1898	74	1	1	44	1	20	1
1899	13	1	1	1	1	51	1
1900	9	1	1	1	12	19	1
1901	52	1	1	1	12	1	1
1902	3	1	1	1	1	0	1
1903	9	3	1	97	12	1	1
1904	1	62	1	1	1	0	1
1905	47	1	1	1	12	1	1
1906	52	1	1	44	3	20	1
1907	9	1	8	1	12	1	1
1908	11	13	9	17	10	19	73
1909	4	119	1	3	1	20	1
1910	5	13	9	17	8	168	6
1911	25	13	97	17	10	19	6
1912	11	61	8	125	10	10	6
1913	133	23	1	6	1	169	1
1914	9	1	1	1	12	170	1
1915	7	1	1	1	5	171	1
1916	4	1	1	1	1	20	75
1917	5	3	6	6	81	1	1
1918	1	1	1	1	1	172	76
1919	25	17	18	126	10	19	6
1920	9	1	100	1	12	20	1
1921	3	120	1	3	1	173	1
1922	1	1	1	127	1	1	1
1923	13	8	101	8	11	10	6
1924	3	9	6	3	1	145	1
1925	135	1	1	1	12	1	1
1926	25	8	14	22	10	27	6
1927	13	8	103	8	6	27	6
1928	2	2	104	6	1	11	1
1929	4	1	1	1	1	190	1
1930	2	7	1	14	1	175	1
1931	136	5	1	3	1	20	1
1932	2	3	53	14	1	10	1
1933	10	21	9	17	17	19	6
1934	137	6	14	129	3	176	6
1935	13	8	9	8	6	10	6
1936	25	90	52	17	10	19	6
1937	19	13	9	17	10	76	6
1938	13	8	8	8	6	177	6
1939	25	13	9	15	10	29	6
1940	2	3	53	14	1	178	1
1941	25	8	8	8	10	134	6
1942	9	126	1	1	12	1	1
1943	5	69	12	78	1	63	1
1944	5	90	52	17	10	27	6
1945	25	45	9	17	10	19	26
1946	36	13	9	130	10	9	6
1947	19	8	52	33	10	6	80
1948	11	13	18	15	10	26	6
1949	36	8	8	17	20	9	78
1950	2	3	1	14	1	179	1
1951	5	2	7	131	2	1	1
1952	5	2	1	132	31	72	5
1953	5	13	18	17	8	0	6
1954	25	13	9	140	10	19	6
1955	5	7	5	7	1	7	1
1956	2	1	105	2	1	180	1
1957	96	3	1	133	2	2	1
1958	25	8	8	23	10	181	11
1959	36	8	9	17	17	19	6
1960	21	2	8	3	1	20	5
1961	25	13	18	17	10	191	6
1962	2	9	6	6	1	182	1
1963	5	1	1	3	6	1	1
1964	144	8	8	8	6	192	6
1965	9	127	1	1	12	0	1
1966	13	8	8	134	6	27	6
1967	13	123	8	8	11	10	6
1968	13	8	93	33	6	10	6
1969	11	45	9	17	17	46	26
1970	109	108	106	111	2	27	6
1971	12	9	6	3	1	30	1
1972	36	8	10	135	17	19	6
1973	138	1	1	2	1	11	1
1974	3	3	1	2	1	1	81
1975	13	8	8	59	6	10	6
1976	36	13	9	17	17	183	6
1977	6	6	1	4	3	20	2
1978	57	4	1	6	1	2	5
1979	5	13	107	17	8	19	6
1980	25	13	18	17	10	35	13
1981	3	3	2	2	1	184	1
1982	38	4	1	3	2	1	15
1983	9	13	9	15	1	41	6
1984	9	3	1	141	5	1	1
1985	13	8	8	23	6	40	6
1986	94	2	6	142	1	117	1
1987	145	128	6	6	1	193	1
1988	146	9	6	6	1	11	1
1989	10	13	9	84	17	41	6
1990	9	3	1	2	1	14	1
1991	9	4	1	6	2	2	1
1992	15	129	1	2	1	1	1
1993	38	4	1	9	2	1	15
1994	21	2	1	3	1	1	5
1995	11	8	52	33	10	19	6
1996	10	8	10	135	17	46	6
1997	2	3	1	14	1	1	79
1998	11	13	9	84	17	19	6
1999	25	8	52	8	17	28	6
2000	9	2	12	136	1	185	5
2001	3	3	111	2	1	5	1
2002	24	8	108	8	2	10	6
2003	4	2	1	3	1	1	1
2004	13	8	8	143	6	88	6
2005	13	13	18	17	11	186	6
2006	25	13	109	17	17	6	6
2007	3	4	5	6	1	1	5
2008	4	5	12	3	1	1	1
2009	139	21	18	137	17	187	6
2010	5	130	1	3	1	194	5
2011	140	13	110	17	10	9	6
2012	36	8	18	23	10	27	6
2013	13	8	8	8	10	10	6
2014	141	13	18	17	8	19	6
2015	13	8	8	8	6	188	6
2016	13	8	8	8	6	189	6
2017	9	131	1	1	12	1	1
2018	36	8	8	23	11	10	15
2019	13	13	18	17	11	19	6
2020	15	7	5	7	1	5	1
2021	13	16	8	16	6	51	6
2022	2	3	17	2	1	1	1
2023	13	8	8	8	11	40	6
2024	142	45	9	138	17	19	26
2025	20	124	1	3	1	91	1
2026	36	13	52	17	10	41	6
2027	4	4	12	9	79	7	15
2028	147	13	112	17	17	102	6
2029	11	13	9	17	10	46	40
2030	109	108	8	72	2	27	6
2031	36	13	18	17	10	59	6
2032	9	1	1	1	82	1	1
2033	143	33	36	8	2	49	6
2034	3	125	1	2	80	1	1
2035	5	2	1	43	1	20	5
2036	5	3	6	139	2	20	1
2037	148	8	8	8	11	10	6
2038	13	8	8	8	83	10	6
2039	20	124	1	3	1	0	1
2040	2	2	113	6	1	11	1
2041	25	132	18	17	10	19	6
2042	13	8	8	22	6	27	6
2043	5	8	14	22	8	19	6
2044	3	3	1	6	1	7	1
2045	15	1	114	1	1	20	1
2046	1	1	1	144	1	1	1
2047	25	13	9	15	84	19	6
2048	15	3	1	145	1	1	1
2049	11	90	8	17	57	102	6
2050	3	4	12	9	1	2	5
2051	4	133	1	1	1	20	1
2052	15	1	1	1	58	20	1
2053	25	13	18	17	10	0	6
2054	5	2	115	6	1	8	1
2055	9	1	1	44	12	20	1
2056	70	1	1	44	12	20	1
2057	11	17	18	17	10	19	6
2058	5	9	6	3	2	26	1
2059	149	8	116	23	6	27	6
2060	15	1	1	1	1	20	82
2061	15	1	1	1	1	195	1
2062	14	1	1	2	1	63	1
2063	1	134	1	1	1	1	1
2064	11	8	8	17	10	10	6
2065	9	5	1	3	22	1	1
2066	3	3	117	2	1	1	1
2067	2	3	118	2	1	1	1
2068	3	3	119	2	1	1	1
2069	25	8	120	8	10	10	6
2070	3	31	1	147	1	45	1
2071	9	2	13	6	1	39	1
2072	13	135	8	146	6	27	6
2073	1	3	1	1	1	198	1
2074	13	8	8	8	85	10	6
2075	25	13	18	17	10	196	6
2076	2	3	121	6	1	197	5
2077	3	8	8	23	1	19	15
2078	3	136	12	3	1	1	1
2079	3	46	1	6	1	39	1
2081	150	7	5	7	1	1	1
2082	15	137	1	1	1	20	1
2083	2	46	1	148	1	45	59
2084	1	1	8	1	1	1	1
2085	5	1	5	1	1	1	1
2086	11	1	1	1	1	1	1
2087	9	3	1	149	12	1	3
2088	9	58	1	1	1	1	1
2089	9	122	1	2	1	1	1
2090	5	2	8	6	1	174	5
2091	11	21	9	17	10	102	6
2092	5	2	1	3	1	41	1
2093	153	1	1	1	12	1	1
2094	67	54	14	80	88	99	6
2095	5	2	122	12	1	1	5
2096	1	1	1	150	1	0	1
2097	13	6	4	4	11	10	2
2098	11	13	52	17	10	40	6
2099	4	5	8	3	1	7	1
2100	7	1	1	1	12	0	1
2101	15	42	1	1	1	1	1
2102	15	3	1	6	1	1	1
2103	152	7	5	7	1	1	1
2104	2	9	1	151	22	100	1
2105	5	2	1	32	1	7	1
2106	2	3	1	152	1	1	1
2107	13	13	8	8	11	10	6
2108	2	7	5	7	1	94	1
2109	2	88	1	3	9	117	1
2110	2	3	1	2	1	94	1
2111	3	89	1	2	8	94	1
2112	3	2	1	43	41	94	5
2113	5	2	1	43	41	1	5
2114	5	2	1	43	41	165	5
2115	5	2	1	43	41	74	5
2116	5	2	1	43	41	198	5
2117	5	2	1	43	14	94	5
2118	5	2	1	43	85	94	5
2119	5	2	1	3	1	94	1
2120	5	3	1	6	1	94	1
2121	6	8	8	8	85	10	25
2122	8	5	1	3	1	7	1
2123	8	5	1	3	9	74	1
2124	11	132	9	93	85	19	6
2125	11	13	9	17	85	19	6
2126	13	8	8	8	85	22	6
2127	13	8	8	8	85	59	6
2128	14	5	1	3	1	94	1
2129	14	5	1	3	9	94	1
2130	14	5	1	3	63	94	1
2131	25	13	18	147	2	106	6
2132	25	8	8	8	10	59	6
2133	51	5	1	3	10	92	1
2134	80	8	8	8	85	27	6
2135	1	140	1	1	1	1	1
2136	15	1	1	1	1	1	83
2137	1	3	1	1	1	20	1
2138	11	13	9	17	1	19	6
2139	13	8	8	153	6	10	6
2140	57	54	36	62	6	99	6
2141	9	98	1	43	41	193	5
2142	13	8	123	23	6	27	6
2143	107	7	5	7	21	180	1
2144	13	8	36	8	85	10	6
2145	14	5	1	3	1	74	1
2146	154	1	1	1	1	7	1
2147	11	13	9	17	55	19	6
2148	9	1	124	1	12	1	1
2149	9	1	1	1	12	201	1
2150	109	8	8	23	89	27	15
2151	5	2	1	11	58	11	5
2152	18	13	18	17	17	19	6
2153	1	5	1	3	1	200	1
2154	1	5	1	3	6	74	5
2155	3	3	1	2	61	1	1
2156	5	5	1	3	60	96	1
2157	10	2	1	6	1	1	1
2158	9	1	1	97	1	1	1
2159	7	1	1	155	5	1	1
2160	15	1	1	44	1	202	1
2161	9	1	1	154	12	7	1
2162	10	5	1	3	9	74	1
2163	9	2	5	6	1	1	5
2164	9	141	1	1	12	1	1
2165	5	4	1	6	1	14	5
2166	9	112	1	1	12	1	1
2167	1	2	1	44	1	20	1
2168	9	2	13	6	1	1	5
2169	2	3	1	14	1	8	1
2170	3	3	1	2	80	1	1
2171	15	3	1	14	1	10	1
2172	25	13	18	17	90	19	84
2173	5	7	5	7	1	203	1
2174	155	21	9	17	17	41	6
2175	20	9	6	3	1	204	1
2176	156	1	1	1	12	1	1
2177	9	138	1	1	12	1	1
2178	6	1	1	97	12	3	1
2179	1	143	1	1	1	1	1
2180	15	1	125	44	1	20	1
2181	9	144	1	1	12	1	1
2182	2	145	1	14	1	179	1
2183	4	7	5	7	1	16	1
2184	94	3	6	3	64	206	1
2185	9	146	1	1	12	1	1
2186	36	13	52	17	10	207	6
2187	13	8	126	8	6	10	6
2188	157	1	1	1	1	1	1
2189	158	8	14	62	6	125	6
2190	159	1	1	1	1	1	1
2191	5	8	8	23	8	27	15
2192	9	12	1	3	1	1	1
2193	36	3	1	2	10	59	1
2194	2	3	1	6	1	25	1
2195	5	1	1	1	8	0	1
2196	14	142	10	6	1	15	5
2197	2	8	8	8	1	10	6
2198	3	3	1	2	1	205	1
2199	160	3	1	2	1	1	1
2200	13	8	8	8	10	88	6
2201	12	5	1	6	1	42	1
2202	3	1	1	31	1	11	1
2203	9	3	1	6	1	20	1
2204	56	3	1	6	1	7	1
2205	2	3	1	6	1	117	1
2206	13	8	127	8	6	28	6
2207	2	5	1	156	22	1	1
2208	9	4	12	157	2	2	5
2209	137	81	14	129	3	208	6
2210	5	3	128	2	2	1	1
2211	137	6	129	158	91	209	85
2212	1	78	1	1	1	1	1
2213	15	1	1	1	1	83	1
2214	9	147	1	1	1	1	1
2215	42	2	1	11	1	14	6
2216	5	12	1	157	1	1	5
2217	4	1	1	1	1	210	1
2218	7	12	1	6	5	7	1
2219	5	148	1	7	1	1	1
2220	1	148	1	1	1	1	1
2221	36	8	8	8	10	10	6
2222	40	4	12	6	1	211	5
2223	25	8	9	17	10	19	6
2224	11	13	18	17	10	10	6
2225	5	10	1	11	1	14	15
2226	2	3	1	6	1	179	1
2227	15	1	1	1	92	1	1
2228	15	149	1	1	1	20	1
2229	7	1	130	1	5	20	1
2230	15	151	1	1	1	20	1
2231	7	1	130	1	5	7	1
2232	9	150	1	1	12	1	1
2233	19	16	8	16	10	19	6
2234	162	4	1	160	1	1	5
2235	9	2	1	6	1	213	1
2236	9	4	6	6	1	7	5
2237	25	8	131	17	10	149	6
2238	5	4	1	3	1	7	5
2239	5	2	1	7	1	7	1
2240	3	3	1	2	1	212	1
2241	161	46	1	159	1	179	1
2242	9	152	1	1	1	1	1
2243	9	1	132	1	1	1	1
2244	9	1	1	1	93	1	1
2245	9	153	1	1	12	1	1
2246	9	1	1	161	12	1	1
2247	9	1	5	1	12	1	1
2248	9	2	6	6	1	1	5
2249	9	2	13	6	7	7	1
2250	5	2	1	3	1	33	5
2251	5	1	1	2	1	2	1
2252	5	10	1	11	1	10	15
2253	2	3	1	2	1	10	1
2254	10	1	1	1	1	1	1
2255	10	13	18	15	2	19	6
2256	9	3	13	6	1	36	1
2257	5	5	1	3	41	7	1
2258	8	25	1	11	43	14	15
2259	7	5	1	1	5	7	1
2260	9	60	1	2	25	14	1
2261	5	8	10	23	8	26	11
2262	25	8	8	8	10	19	6
2263	1	1	1	1	1	1	4
2264	25	15	9	33	10	19	6
2265	14	5	1	12	1	1	1
2266	3	3	1	14	1	2	1
2267	1	158	1	1	1	1	1
2268	25	13	18	17	10	35	6
2269	25	13	52	17	10	183	6
2270	1	1	133	1	1	1	1
2271	166	1	1	1	1	1	1
2272	7	1	1	1	5	1	86
2273	1	1	1	1	1	214	1
2274	7	1	1	1	94	1	1
2275	7	1	134	1	5	1	1
2276	9	155	1	1	12	1	1
2277	15	1	1	44	1	215	1
2278	40	4	12	164	1	1	5
2279	164	2	1	6	1	1	1
2280	27	3	1	163	1	1	1
2281	2	7	5	162	1	1	1
2282	163	13	8	8	10	27	6
2283	25	13	18	165	17	19	6
2284	9	154	1	1	1	1	1
2285	13	156	8	8	6	28	6
2286	15	161	1	44	1	20	1
2287	1	162	1	1	1	1	1
2288	2	3	1	29	1	1	1
2289	167	13	9	33	10	19	6
2290	1	1	1	1	1	1	88
2291	1	1	1	1	1	215	1
2292	5	8	8	8	6	192	6
2293	5	5	1	3	1	20	1
2294	17	2	98	1	14	14	1
2295	1	163	1	1	1	1	1
2296	14	3	1	6	1	1	1
2297	3	3	1	2	1	32	1
2298	7	12	1	1	5	1	5
2299	15	1	1	1	26	7	1
2300	15	3	1	44	1	1	1
2301	9	1	1	2	2	2	1
2302	9	164	1	1	12	1	1
2303	1	98	1	1	1	20	1
2304	5	3	6	9	2	2	1
2305	43	5	1	1	1	1	1
2306	1	1	1	39	1	1	1
2307	9	2	6	3	1	33	1
2308	5	3	1	6	1	33	1
2309	2	2	24	6	1	33	1
2310	5	3	1	2	1	33	1
2311	5	5	1	3	2	1	1
2312	2	3	1	2	4	1	1
2313	5	4	1	9	1	1	5
2314	62	3	1	2	1	1	89
2315	2	7	57	6	1	80	1
2316	2	165	6	3	1	30	1
2317	2	3	1	6	1	25	5
2318	9	2	6	6	1	192	1
2319	2	3	1	6	1	7	1
2320	9	10	1	11	1	14	15
2321	15	2	1	44	1	20	28
2322	3	2	1	6	1	1	1
2323	51	4	1	6	1	2	5
2324	5	2	6	6	2	1	1
2325	9	2	6	6	1	20	5
2326	9	3	1	6	2	217	1
2327	11	13	9	17	20	218	6
2328	24	8	8	8	11	27	6
2329	36	1	1	1	10	27	1
2330	5	89	40	3	16	86	1
2331	1	9	78	1	12	1	1
2332	9	2	6	6	7	7	1
2333	5	2	7	6	4	1	1
2334	9	2	13	6	1	14	1
2335	9	3	1	2	1	1	3
2336	1	3	1	2	1	1	1
2337	5	5	1	1	1	1	3
2338	5	18	13	6	1	7	1
2339	9	8	136	58	6	27	6
2340	13	8	8	8	6	51	11
2341	4	5	1	167	1	20	1
2342	13	16	8	8	6	27	6
2343	9	2	1	6	7	1	1
2344	3	85	1	2	92	74	1
2345	3	3	31	2	1	74	73
2346	5	121	1	2	60	200	1
2347	15	7	5	7	1	90	1
2348	5	92	1	2	80	200	1
2349	7	3	1	6	5	154	5
2350	3	5	1	3	1	7	1
2351	8	4	12	157	1	1	5
2352	5	1	1	2	1	200	1
2353	40	4	10	6	1	15	5
2354	5	121	1	2	80	74	1
2355	5	2	6	6	82	74	5
2356	5	17	18	17	8	19	6
2357	8	25	14	72	1	177	6
2358	5	2	6	6	62	74	5
2359	13	13	8	23	6	27	6
2360	7	3	1	1	1	1	1
2361	1	1	1	1	58	130	1
2362	36	21	8	17	17	19	6
2363	36	16	8	16	17	140	6
2364	5	2	6	6	1	74	5
2365	123	8	8	8	6	27	6
2366	5	92	6	6	53	74	5
2367	13	8	8	8	17	27	11
2368	8	4	12	9	1	14	5
2369	15	2	1	44	1	1	1
2370	5	3	1	2	1	46	1
2371	3	4	12	9	1	7	5
2372	5	2	19	43	41	74	5
2373	7	7	8	8	38	44	4
2374	7	7	8	31	38	22	4
2375	7	7	8	8	6	44	4
2376	8	49	6	6	49	51	3
2377	8	49	6	6	1	51	3
2378	8	4	12	9	9	74	5
2379	8	49	8	6	49	51	3
2380	8	90	1	3	2	96	1
2381	8	95	18	17	18	24	15
2382	13	8	67	8	6	59	6
2383	13	7	8	8	6	44	4
2384	18	7	8	8	6	44	4
2385	25	8	8	8	56	10	6
2386	36	8	19	8	56	27	6
2387	39	3	31	2	92	74	1
2388	52	44	5	7	49	51	1
2389	60	2	1	43	41	74	5
2390	67	49	8	43	8	51	3
2391	80	61	8	8	85	40	6
2392	88	95	9	17	8	24	15
2393	97	2	1	55	9	200	5
2394	97	2	1	55	1	200	5
2395	97	7	8	8	10	23	4
2396	97	7	8	8	6	22	4
2397	97	7	33	8	6	23	4
2398	97	95	9	17	6	79	4
2399	97	7	8	8	5	23	4
2400	97	7	8	8	6	23	4
2401	99	49	54	98	6	35	1
2402	99	7	9	8	5	23	4
2403	55	1	137	1	19	11	90
2404	15	1	1	1	1	220	1
2405	1	1	1	95	12	1	1
2406	2	167	77	6	1	219	1
2407	4	168	1	1	1	20	1
2408	36	8	10	23	17	149	6
2409	4	5	1	3	95	1	1
2410	36	8	8	17	20	9	6
2411	5	5	1	3	6	1	5
2412	9	1	138	1	12	1	1
2413	13	8	8	8	6	192	6
2414	6	6	4	4	3	221	2
2415	15	3	1	6	1	7	1
2416	9	3	40	6	1	7	1
2417	4	5	1	9	1	1	1
2418	5	4	1	53	1	1	1
2419	9	3	1	3	1	1	1
2420	5	12	1	6	1	33	5
2421	4	5	5	3	1	20	1
2422	3	7	1	6	1	25	91
2423	2	3	40	6	1	7	1
2424	5	2	1	6	1	43	1
2425	2	3	1	6	1	41	1
2426	25	13	9	33	10	222	6
2427	7	1	1	2	1	1	1
2428	5	1	139	1	12	7	1
2429	9	40	12	3	1	1	1
2430	15	8	1	1	1	1	1
2431	9	3	1	1	1	1	3
2432	14	1	1	1	1	223	1
2433	9	1	6	1	12	1	1
2434	169	3	1	2	1	1	1
2435	3	3	41	6	1	1	1
2436	5	4	12	6	2	7	8
2437	25	8	52	17	96	71	6
2438	3	3	140	2	1	1	1
2439	170	1	1	1	1	1	1
2440	171	2	1	6	1	36	1
2441	4	78	1	1	1	1	58
2442	168	3	1	1	12	1	1
2443	9	1	1	168	1	1	1
2444	9	1	1	1	12	224	1
2445	3	1	1	44	97	1	1
2446	1	1	1	1	1	1	28
2447	25	169	14	22	10	19	6
2448	9	1	6	6	12	1	1
2449	9	3	1	2	15	1	1
2450	13	8	8	8	6	6	6
2451	9	1	1	169	12	1	1
2452	70	1	1	1	5	1	1
2453	5	2	1	3	2	1	1
2454	70	1	1	170	12	1	1
2455	172	1	1	1	1	1	1
2456	25	8	14	172	10	73	6
2457	13	8	91	59	6	94	85
2458	9	33	36	171	2	49	6
2459	11	13	18	15	10	41	6
2460	15	164	1	1	1	1	1
2461	2	9	6	6	95	58	9
2462	2	92	1	89	39	94	1
2463	2	9	128	92	1	58	9
2464	2	5	1	86	1	94	86
2465	9	89	92	92	1	98	9
2466	11	8	8	8	10	88	6
2467	11	56	9	15	85	89	68
2468	3	31	44	6	9	45	1
2469	3	89	1	92	9	94	91
2470	1	3	1	1	1	0	1
2471	70	1	1	1	12	1	92
2472	5	2	141	3	2	14	5
2473	13	8	8	8	6	28	6
2474	4	2	1	9	1	0	5
2475	5	8	14	17	1	19	6
2476	3	3	1	2	1	39	1
2477	13	8	142	8	6	10	6
2478	173	3	1	2	1	1	1
2479	9	170	1	1	12	1	1
2481	9	171	1	1	12	1	1
2482	9	1	1	113	1	1	1
2483	9	1	14	62	12	1	1
2484	9	1	1	173	12	1	1
2485	9	1	1	8	12	1	1
2486	15	1	144	1	1	7	1
2487	15	1	1	1	1	7	93
2488	9	1	143	1	1	1	1
2489	9	1	1	1	1	1	94
2490	11	8	10	23	6	28	11
2491	9	3	12	9	1	1	1
2492	11	8	8	8	10	19	80
2493	56	3	6	6	1	7	1
2494	20	9	1	3	64	30	1
2495	2	46	1	6	1	147	59
2496	2	13	8	17	1	26	6
2497	25	45	9	17	10	19	6
2498	9	4	1	6	2	7	1
2499	12	9	6	3	64	41	1
2500	174	3	1	2	12	1	1
2501	14	3	2	2	1	1	1
2502	2	3	6	14	22	80	1
2503	175	1	1	1	1	1	1
2504	176	1	1	1	1	1	1
2505	177	1	1	1	1	1	1
2506	10	2	1	6	1	7	1
2507	14	2	1	6	1	20	5
2508	9	2	24	3	1	7	5
2509	14	2	6	6	1	59	5
2510	5	2	1	6	1	20	1
2511	5	3	1	6	2	7	1
2512	3	2	7	6	1	36	1
2513	5	2	1	6	1	14	1
2514	2	3	145	2	1	1	1
2515	2	3	1	30	1	11	1
2516	51	89	40	92	19	98	1
2517	9	1	1	1	98	1	1
2518	5	1	1	1	12	1	1
2519	9	3	6	6	1	36	1
2520	2	2	6	174	2	11	1
2521	178	12	24	3	1	20	1
2522	9	1	1	6	1	7	5
2523	3	3	1	31	1	225	1
2524	5	2	6	6	2	33	1
2525	15	4	1	53	1	1	1
2526	2	9	6	3	1	30	1
2528	179	1	1	1	12	1	1
2529	15	1	1	1	1	1	22
2530	2	46	1	6	1	155	1
2531	15	186	1	1	1	1	1
2532	4	184	1	1	1	1	1
2533	4	5	1	1	1	1	1
2534	4	1	1	39	1	1	1
2535	15	185	1	1	1	1	1
2536	9	1	1	39	12	1	1
2537	40	4	12	178	1	1	5
2538	9	1	1	1	28	1	1
2539	20	9	6	6	1	14	1
2540	9	1	1	1	58	1	1
2541	5	1	1	1	2	1	1
2542	9	8	1	1	12	1	6
2543	9	1	1	1	12	231	1
2544	9	1	148	97	12	1	1
2545	180	1	1	1	1	1	1
2546	9	155	1	1	1	1	1
2547	9	187	1	1	1	1	1
2548	9	1	150	1	1	1	1
2549	9	1	1	1	1	232	1
2550	9	1	1	1	1	233	1
2551	181	1	1	1	12	7	1
2552	9	1	1	1	1	19	1
2553	9	1	1	3	1	1	1
2554	9	97	1	1	1	1	1
2555	9	1	1	1	12	1	21
2556	9	188	1	1	1	234	1
2557	9	1	1	179	1	1	1
2558	9	1	1	181	1	1	1
2559	9	1	1	190	1	0	1
2560	9	189	1	1	1	1	1
2561	9	190	1	1	1	1	1
2562	9	1	151	1	12	1	1
2563	9	1	152	1	1	1	1
2564	15	1	1	1	1	235	1
2565	9	1	1	1	1	236	1
2566	9	1	1	180	12	1	1
2567	9	1	1	1	1	1	30
2568	9	32	1	1	12	1	1
2569	7	1	1	1	99	1	1
2570	182	13	9	17	17	19	6
2571	15	1	1	44	1	20	95
2572	5	9	6	3	2	134	1
2573	5	8	153	22	8	26	6
2574	15	157	1	44	1	20	1
2575	1	3	146	44	1	1	1
2576	7	1	1	1	5	237	1
2577	15	1	1	44	58	20	1
2578	1	1	1	1	1	229	1
2579	15	1	1	1	101	20	1
2580	9	174	1	1	12	1	1
2581	9	1	1	1	12	1	22
2582	183	1	1	1	1	1	1
2583	9	1	1	1	12	227	1
2584	9	1	1	1	12	238	1
2585	9	1	1	1	100	1	1
2586	7	178	1	1	5	1	1
2587	7	1	1	1	5	230	1
2588	1	1	1	95	12	7	1
2589	9	1	1	6	12	1	1
2590	9	175	1	1	12	1	1
2591	9	176	1	1	12	1	1
2592	1	179	1	1	1	1	1
2593	9	1	1	1	12	1	96
2594	15	1	147	44	1	20	1
2595	7	177	1	1	5	1	1
2596	9	1	1	1	12	130	1
2597	1	180	1	44	1	228	1
2598	9	78	1	1	12	1	1
2599	15	1	1	1	1	130	1
2600	5	7	5	7	1	39	1
2601	9	1	149	1	12	1	1
2602	9	1	1	1	12	11	1
2603	9	1	1	1	1	226	1
2604	13	8	90	23	6	10	6
2605	3	31	1	92	1	239	1
2606	184	8	8	8	11	10	6
2607	5	4	5	6	1	1	5
2608	5	8	8	22	6	49	97
2609	9	2	12	9	1	1	5
2610	36	8	9	17	10	19	6
2611	87	2	6	6	1	7	1
2612	14	2	6	3	1	149	5
2613	13	21	9	17	6	102	6
2614	13	8	154	182	6	150	6
2615	3	25	1	11	1	10	15
2616	13	8	8	23	11	27	15
2617	5	2	12	55	1	1	5
2618	87	2	7	6	1	7	1
2619	11	8	8	23	6	10	6
2620	36	8	8	8	10	59	6
2621	11	108	8	17	17	6	6
2622	19	108	8	23	10	6	6
2623	11	191	8	23	6	59	6
2624	11	8	8	23	102	10	6
2625	186	108	8	23	103	241	6
2626	109	108	8	23	2	59	6
2627	2	12	1	3	1	1	5
2628	87	2	1	6	1	1	1
2629	13	8	101	23	6	149	6
2630	24	8	9	17	2	10	6
2631	109	108	8	183	2	27	6
2632	19	21	155	17	10	6	6
2633	185	8	52	33	10	240	6
2634	187	4	1	9	2	14	15
2635	14	4	6	6	1	20	5
2636	19	108	8	184	10	6	6
2637	9	2	1	6	1	242	1
2638	5	2	1	6	2	243	1
2639	10	13	52	17	17	19	6
2640	62	3	2	3	1	1	1
2641	1	193	1	1	1	1	1
2642	4	13	9	15	1	19	6
2643	9	1	1	187	12	1	1
2644	9	3	1	7	1	1	41
2645	148	8	52	115	6	27	35
2646	20	3	2	2	1	1	1
2647	11	13	18	17	10	6	6
2648	2	9	6	3	1	1	1
2649	5	8	8	108	8	19	6
2650	62	3	2	2	1	1	1
2651	9	1	1	186	1	1	1
2652	1	1	1	1	1	244	1
2653	7	1	1	185	5	1	1
2654	163	56	8	17	10	196	6
2655	2	9	6	3	4	4	1
2656	1	192	1	1	1	1	1
2657	2	3	1	2	4	11	1
2658	9	1	156	1	1	0	1
2659	2	3	65	2	1	1	1
2660	13	8	8	59	6	40	6
2661	2	9	94	14	1	179	1
2662	11	8	9	17	10	9	6
2663	13	8	8	8	11	145	6
2664	9	2	1	1	12	1	1
2665	9	1	1	1	5	20	1
2666	9	1	1	14	1	1	1
2667	188	3	1	2	1	1	1
2668	15	59	1	1	1	1	1
2669	15	194	1	1	1	7	1
2670	15	2	1	1	1	20	28
2671	9	3	1	1	12	1	28
2672	7	3	1	6	5	1	1
2673	13	8	8	188	6	10	11
2674	25	8	157	22	10	245	70
2675	9	1	1	18	5	1	1
2676	3	195	1	3	1	173	1
2677	9	8	8	8	1	26	6
2678	2	6	1	4	1	221	2
2679	10	13	158	17	17	46	6
2680	2	3	12	9	1	1	1
2681	9	1	1	1	104	0	1
2682	4	8	1	1	1	20	6
2683	189	3	1	2	1	1	1
2684	10	17	18	17	17	41	6
2685	143	8	8	22	10	10	6
2686	25	17	18	17	10	19	98
2687	13	1	8	8	12	1	1
2688	9	97	1	1	12	1	1
2689	190	4	12	9	1	1	5
2690	15	1	1	1	1	1	99
2691	2	46	1	189	1	45	59
2692	191	1	1	1	12	0	1
2693	4	1	1	1	105	20	1
2694	192	2	6	6	1	11	1
2695	36	196	9	17	2	19	6
2696	25	17	18	17	17	19	6
2697	193	1	1	1	12	0	1
2698	11	70	58	8	106	177	6
2699	9	4	1	1	12	1	28
2700	47	1	19	44	107	1	18
2701	9	1	1	95	5	1	3
2702	5	1	1	1	12	19	1
2703	9	1	1	1	12	141	1
2704	9	1	1	44	12	0	1
2705	1	197	1	1	1	1	1
2706	15	1	1	44	1	83	100
2707	9	198	1	1	12	1	1
2708	9	1	1	1	12	246	1
2709	9	12	1	3	1	7	5
2710	9	1	1	191	1	1	1
2711	9	1	1	1	108	1	1
2712	9	201	7	6	1	36	1
2713	194	2	6	6	1	7	1
2714	5	2	13	6	2	1	1
2715	9	202	6	6	7	249	1
2716	9	1	1	175	1	1	1
2717	9	194	1	1	12	1	1
2718	3	4	6	6	1	1	5
2719	5	13	18	17	8	10	6
2720	5	1	1	44	1	20	1
2721	5	13	18	192	8	19	6
2722	25	13	9	17	10	247	6
2723	7	1	1	1	5	248	1
2724	5	199	14	22	8	26	6
2725	2	200	1	2	1	1	1
2726	5	3	6	53	2	2	1
2727	6	6	159	4	3	1	2
2728	57	4	12	9	1	2	8
2729	9	1	1	193	1	1	1
2730	4	3	1	9	1	1	5
2731	5	3	12	9	1	39	1
2732	9	52	1	1	1	1	1
2733	11	8	10	23	10	10	11
2734	3	2	1	9	1	14	5
2735	9	188	1	1	12	1	1
2736	5	13	52	22	8	26	6
2737	20	9	1	3	1	117	1
2738	3	3	1	6	1	205	1
2739	96	3	1	2	10	1	1
2740	5	5	1	194	10	7	1
2741	9	2	1	3	1	36	1
2742	9	164	1	1	1	1	1
2743	5	3	1	6	10	1	81
2744	9	1	1	1	1	250	1
2745	5	13	9	195	8	37	6
2746	5	4	5	6	1	2	5
2747	9	1	1	1	5	251	1
2748	6	6	129	129	3	209	2
2749	195	45	9	17	17	103	26
2750	5	6	8	4	1	3	2
2751	1	1	1	1	1	63	1
2752	2	204	5	7	1	1	1
2753	2	3	1	2	1	252	1
2754	12	5	6	159	22	253	1
2755	5	2	13	6	2	254	1
2756	5	3	1	31	1	1	1
2757	9	2	1	3	1	7	5
2758	9	3	6	6	1	20	1
